ISO-10303-21;
HEADER;
FILE_DESCRIPTION(('KiCad electronic assembly'),'2;1');
FILE_NAME('led board.step','2026-07-27T21:12:21',('Pcbnew'),('Kicad'),
  'Open CASCADE STEP processor 7.9','KiCad to STEP converter','Unknown'
  );
FILE_SCHEMA(('AUTOMOTIVE_DESIGN { 1 0 10303 214 1 1 1 1 }'));
ENDSEC;
DATA;
#1 = APPLICATION_PROTOCOL_DEFINITION('international standard',
  'automotive_design',2000,#2);
#2 = APPLICATION_CONTEXT(
  'core data for automotive mechanical design processes');
#3 = SHAPE_DEFINITION_REPRESENTATION(#4,#10);
#4 = PRODUCT_DEFINITION_SHAPE('','',#5);
#5 = PRODUCT_DEFINITION('design','',#6,#9);
#6 = PRODUCT_DEFINITION_FORMATION('','',#7);
#7 = PRODUCT('led board 1','led board 1','',(#8));
#8 = PRODUCT_CONTEXT('',#2,'mechanical');
#9 = PRODUCT_DEFINITION_CONTEXT('part definition',#2,'design');
#10 = SHAPE_REPRESENTATION('',(#11,#15,#19,#23,#27,#31,#35,#39,#43,#47,
    #51,#55),#59);
#11 = AXIS2_PLACEMENT_3D('',#12,#13,#14);
#12 = CARTESIAN_POINT('',(0.,0.,0.));
#13 = DIRECTION('',(0.,0.,1.));
#14 = DIRECTION('',(1.,0.,-0.));
#15 = AXIS2_PLACEMENT_3D('',#16,#17,#18);
#16 = CARTESIAN_POINT('',(123.29,-67.49,1.595));
#17 = DIRECTION('',(0.,-0.,1.));
#18 = DIRECTION('',(1.110223024625E-16,1.,0.));
#19 = AXIS2_PLACEMENT_3D('',#20,#21,#22);
#20 = CARTESIAN_POINT('',(104.155,-67.97,1.595));
#21 = DIRECTION('',(0.,0.,1.));
#22 = DIRECTION('',(1.,0.,0.));
#23 = AXIS2_PLACEMENT_3D('',#24,#25,#26);
#24 = CARTESIAN_POINT('',(104.135,-63.405,1.595));
#25 = DIRECTION('',(0.,0.,1.));
#26 = DIRECTION('',(1.,0.,0.));
#27 = AXIS2_PLACEMENT_3D('',#28,#29,#30);
#28 = CARTESIAN_POINT('',(123.215,-72.185,1.595));
#29 = DIRECTION('',(0.,-0.,1.));
#30 = DIRECTION('',(1.110223024625E-16,1.,0.));
#31 = AXIS2_PLACEMENT_3D('',#32,#33,#34);
#32 = CARTESIAN_POINT('',(126.255,-72.185,1.595));
#33 = DIRECTION('',(0.,-0.,1.));
#34 = DIRECTION('',(1.110223024625E-16,1.,0.));
#35 = AXIS2_PLACEMENT_3D('',#36,#37,#38);
#36 = CARTESIAN_POINT('',(126.24,-67.49,1.595));
#37 = DIRECTION('',(0.,-0.,1.));
#38 = DIRECTION('',(1.110223024625E-16,1.,0.));
#39 = AXIS2_PLACEMENT_3D('',#40,#41,#42);
#40 = CARTESIAN_POINT('',(108.9,-67.835,1.595));
#41 = DIRECTION('',(0.,0.,1.));
#42 = DIRECTION('',(1.,0.,0.));
#43 = AXIS2_PLACEMENT_3D('',#44,#45,#46);
#44 = CARTESIAN_POINT('',(108.88,-63.36,1.595));
#45 = DIRECTION('',(0.,0.,1.));
#46 = DIRECTION('',(1.,0.,0.));
#47 = AXIS2_PLACEMENT_3D('',#48,#49,#50);
#48 = CARTESIAN_POINT('',(138.49,-67.06,-8.5E-02));
#49 = DIRECTION('',(1.499759782662E-32,1.224646799147E-16,-1.));
#50 = DIRECTION('',(-1.,1.224646799147E-16,0.));
#51 = AXIS2_PLACEMENT_3D('',#52,#53,#54);
#52 = CARTESIAN_POINT('',(90.07,-67.06,-8.5E-02));
#53 = DIRECTION('',(1.499759782662E-32,1.224646799147E-16,-1.));
#54 = DIRECTION('',(-1.,1.224646799147E-16,0.));
#55 = AXIS2_PLACEMENT_3D('',#56,#57,#58);
#56 = CARTESIAN_POINT('',(0.,0.,0.));
#57 = DIRECTION('',(0.,0.,1.));
#58 = DIRECTION('',(1.,0.,-0.));
#59 = ( GEOMETRIC_REPRESENTATION_CONTEXT(3) 
GLOBAL_UNCERTAINTY_ASSIGNED_CONTEXT((#63)) GLOBAL_UNIT_ASSIGNED_CONTEXT(
(#60,#61,#62)) REPRESENTATION_CONTEXT('Context #1',
  '3D Context with UNIT and UNCERTAINTY') );
#60 = ( LENGTH_UNIT() NAMED_UNIT(*) SI_UNIT(.MILLI.,.METRE.) );
#61 = ( NAMED_UNIT(*) PLANE_ANGLE_UNIT() SI_UNIT($,.RADIAN.) );
#62 = ( NAMED_UNIT(*) SI_UNIT($,.STERADIAN.) SOLID_ANGLE_UNIT() );
#63 = UNCERTAINTY_MEASURE_WITH_UNIT(LENGTH_MEASURE(1.E-07),#60,
  'distance_accuracy_value','confusion accuracy');
#64 = PRODUCT_RELATED_PRODUCT_CATEGORY('part',$,(#7));
#65 = SHAPE_DEFINITION_REPRESENTATION(#66,#72);
#66 = PRODUCT_DEFINITION_SHAPE('','',#67);
#67 = PRODUCT_DEFINITION('design','',#68,#71);
#68 = PRODUCT_DEFINITION_FORMATION('','',#69);
#69 = PRODUCT('R_0805_2012Metric','R_0805_2012Metric','',(#70));
#70 = PRODUCT_CONTEXT('',#2,'mechanical');
#71 = PRODUCT_DEFINITION_CONTEXT('part definition',#2,'design');
#72 = ADVANCED_BREP_SHAPE_REPRESENTATION('',(#11,#73),#863);
#73 = MANIFOLD_SOLID_BREP('',#74);
#74 = CLOSED_SHELL('',(#75,#115,#198,#223,#248,#315,#332,#349,#398,#415,
    #432,#481,#498,#567,#598,#622,#691,#715,#732,#749,#766,#783,#800,
    #817,#834,#851));
#75 = ADVANCED_FACE('',(#76),#110,.F.);
#76 = FACE_BOUND('',#77,.F.);
#77 = EDGE_LOOP('',(#78,#88,#96,#104));
#78 = ORIENTED_EDGE('',*,*,#79,.F.);
#79 = EDGE_CURVE('',#80,#82,#84,.T.);
#80 = VERTEX_POINT('',#81);
#81 = CARTESIAN_POINT('',(-1.,-0.6,4.5E-02));
#82 = VERTEX_POINT('',#83);
#83 = CARTESIAN_POINT('',(-1.,-0.6,0.405));
#84 = LINE('',#85,#86);
#85 = CARTESIAN_POINT('',(-1.,-0.6,0.));
#86 = VECTOR('',#87,1.);
#87 = DIRECTION('',(0.,0.,1.));
#88 = ORIENTED_EDGE('',*,*,#89,.T.);
#89 = EDGE_CURVE('',#80,#90,#92,.T.);
#90 = VERTEX_POINT('',#91);
#91 = CARTESIAN_POINT('',(-1.,0.6,4.5E-02));
#92 = LINE('',#93,#94);
#93 = CARTESIAN_POINT('',(-1.,-0.6,4.5E-02));
#94 = VECTOR('',#95,1.);
#95 = DIRECTION('',(0.,1.,0.));
#96 = ORIENTED_EDGE('',*,*,#97,.T.);
#97 = EDGE_CURVE('',#90,#98,#100,.T.);
#98 = VERTEX_POINT('',#99);
#99 = CARTESIAN_POINT('',(-1.,0.6,0.405));
#100 = LINE('',#101,#102);
#101 = CARTESIAN_POINT('',(-1.,0.6,0.));
#102 = VECTOR('',#103,1.);
#103 = DIRECTION('',(0.,0.,1.));
#104 = ORIENTED_EDGE('',*,*,#105,.F.);
#105 = EDGE_CURVE('',#82,#98,#106,.T.);
#106 = LINE('',#107,#108);
#107 = CARTESIAN_POINT('',(-1.,-0.6,0.405));
#108 = VECTOR('',#109,1.);
#109 = DIRECTION('',(0.,1.,0.));
#110 = PLANE('',#111);
#111 = AXIS2_PLACEMENT_3D('',#112,#113,#114);
#112 = CARTESIAN_POINT('',(-1.,-0.6,0.));
#113 = DIRECTION('',(1.,0.,0.));
#114 = DIRECTION('',(0.,0.,1.));
#115 = ADVANCED_FACE('',(#116),#193,.F.);
#116 = FACE_BOUND('',#117,.F.);
#117 = EDGE_LOOP('',(#118,#128,#135,#136,#145,#153,#162,#170,#178,#186)
  );
#118 = ORIENTED_EDGE('',*,*,#119,.F.);
#119 = EDGE_CURVE('',#120,#122,#124,.T.);
#120 = VERTEX_POINT('',#121);
#121 = CARTESIAN_POINT('',(-0.955,-0.6,-2.775557561563E-17));
#122 = VERTEX_POINT('',#123);
#123 = CARTESIAN_POINT('',(-0.745,-0.6,-2.775557561563E-17));
#124 = LINE('',#125,#126);
#125 = CARTESIAN_POINT('',(-1.,-0.6,0.));
#126 = VECTOR('',#127,1.);
#127 = DIRECTION('',(1.,0.,0.));
#128 = ORIENTED_EDGE('',*,*,#129,.F.);
#129 = EDGE_CURVE('',#80,#120,#130,.T.);
#130 = CIRCLE('',#131,4.5E-02);
#131 = AXIS2_PLACEMENT_3D('',#132,#133,#134);
#132 = CARTESIAN_POINT('',(-0.955,-0.6,4.5E-02));
#133 = DIRECTION('',(0.,-1.,0.));
#134 = DIRECTION('',(0.,0.,1.));
#135 = ORIENTED_EDGE('',*,*,#79,.T.);
#136 = ORIENTED_EDGE('',*,*,#137,.T.);
#137 = EDGE_CURVE('',#82,#138,#140,.T.);
#138 = VERTEX_POINT('',#139);
#139 = CARTESIAN_POINT('',(-0.955,-0.6,0.45));
#140 = CIRCLE('',#141,4.5E-02);
#141 = AXIS2_PLACEMENT_3D('',#142,#143,#144);
#142 = CARTESIAN_POINT('',(-0.955,-0.6,0.405));
#143 = DIRECTION('',(0.,1.,0.));
#144 = DIRECTION('',(0.,-0.,1.));
#145 = ORIENTED_EDGE('',*,*,#146,.T.);
#146 = EDGE_CURVE('',#138,#147,#149,.T.);
#147 = VERTEX_POINT('',#148);
#148 = CARTESIAN_POINT('',(-0.745,-0.6,0.45));
#149 = LINE('',#150,#151);
#150 = CARTESIAN_POINT('',(-1.,-0.6,0.45));
#151 = VECTOR('',#152,1.);
#152 = DIRECTION('',(1.,0.,0.));
#153 = ORIENTED_EDGE('',*,*,#154,.F.);
#154 = EDGE_CURVE('',#155,#147,#157,.T.);
#155 = VERTEX_POINT('',#156);
#156 = CARTESIAN_POINT('',(-0.7,-0.6,0.405));
#157 = CIRCLE('',#158,4.5E-02);
#158 = AXIS2_PLACEMENT_3D('',#159,#160,#161);
#159 = CARTESIAN_POINT('',(-0.745,-0.6,0.405));
#160 = DIRECTION('',(0.,-1.,0.));
#161 = DIRECTION('',(0.,0.,1.));
#162 = ORIENTED_EDGE('',*,*,#163,.F.);
#163 = EDGE_CURVE('',#164,#155,#166,.T.);
#164 = VERTEX_POINT('',#165);
#165 = CARTESIAN_POINT('',(-0.955,-0.6,0.405));
#166 = LINE('',#167,#168);
#167 = CARTESIAN_POINT('',(-0.955,-0.6,0.405));
#168 = VECTOR('',#169,1.);
#169 = DIRECTION('',(1.,0.,0.));
#170 = ORIENTED_EDGE('',*,*,#171,.F.);
#171 = EDGE_CURVE('',#172,#164,#174,.T.);
#172 = VERTEX_POINT('',#173);
#173 = CARTESIAN_POINT('',(-0.955,-0.6,4.5E-02));
#174 = LINE('',#175,#176);
#175 = CARTESIAN_POINT('',(-0.955,-0.6,4.5E-02));
#176 = VECTOR('',#177,1.);
#177 = DIRECTION('',(0.,0.,1.));
#178 = ORIENTED_EDGE('',*,*,#179,.T.);
#179 = EDGE_CURVE('',#172,#180,#182,.T.);
#180 = VERTEX_POINT('',#181);
#181 = CARTESIAN_POINT('',(-0.7,-0.6,4.5E-02));
#182 = LINE('',#183,#184);
#183 = CARTESIAN_POINT('',(-0.955,-0.6,4.5E-02));
#184 = VECTOR('',#185,1.);
#185 = DIRECTION('',(1.,0.,0.));
#186 = ORIENTED_EDGE('',*,*,#187,.T.);
#187 = EDGE_CURVE('',#180,#122,#188,.T.);
#188 = CIRCLE('',#189,4.5E-02);
#189 = AXIS2_PLACEMENT_3D('',#190,#191,#192);
#190 = CARTESIAN_POINT('',(-0.745,-0.6,4.5E-02));
#191 = DIRECTION('',(0.,1.,0.));
#192 = DIRECTION('',(0.,-0.,1.));
#193 = PLANE('',#194);
#194 = AXIS2_PLACEMENT_3D('',#195,#196,#197);
#195 = CARTESIAN_POINT('',(-1.,-0.6,0.));
#196 = DIRECTION('',(0.,1.,0.));
#197 = DIRECTION('',(0.,-0.,1.));
#198 = ADVANCED_FACE('',(#199),#218,.T.);
#199 = FACE_BOUND('',#200,.T.);
#200 = EDGE_LOOP('',(#201,#202,#211,#217));
#201 = ORIENTED_EDGE('',*,*,#89,.T.);
#202 = ORIENTED_EDGE('',*,*,#203,.T.);
#203 = EDGE_CURVE('',#90,#204,#206,.T.);
#204 = VERTEX_POINT('',#205);
#205 = CARTESIAN_POINT('',(-0.955,0.6,-2.775557561563E-17));
#206 = CIRCLE('',#207,4.5E-02);
#207 = AXIS2_PLACEMENT_3D('',#208,#209,#210);
#208 = CARTESIAN_POINT('',(-0.955,0.6,4.5E-02));
#209 = DIRECTION('',(0.,-1.,0.));
#210 = DIRECTION('',(0.,0.,1.));
#211 = ORIENTED_EDGE('',*,*,#212,.F.);
#212 = EDGE_CURVE('',#120,#204,#213,.T.);
#213 = LINE('',#214,#215);
#214 = CARTESIAN_POINT('',(-0.955,-0.6,-2.775557561563E-17));
#215 = VECTOR('',#216,1.);
#216 = DIRECTION('',(0.,1.,0.));
#217 = ORIENTED_EDGE('',*,*,#129,.F.);
#218 = CYLINDRICAL_SURFACE('',#219,4.5E-02);
#219 = AXIS2_PLACEMENT_3D('',#220,#221,#222);
#220 = CARTESIAN_POINT('',(-0.955,-0.6,4.5E-02));
#221 = DIRECTION('',(0.,1.,0.));
#222 = DIRECTION('',(-1.,0.,0.));
#223 = ADVANCED_FACE('',(#224),#243,.T.);
#224 = FACE_BOUND('',#225,.T.);
#225 = EDGE_LOOP('',(#226,#227,#235,#242));
#226 = ORIENTED_EDGE('',*,*,#137,.T.);
#227 = ORIENTED_EDGE('',*,*,#228,.T.);
#228 = EDGE_CURVE('',#138,#229,#231,.T.);
#229 = VERTEX_POINT('',#230);
#230 = CARTESIAN_POINT('',(-0.955,0.6,0.45));
#231 = LINE('',#232,#233);
#232 = CARTESIAN_POINT('',(-0.955,-0.6,0.45));
#233 = VECTOR('',#234,1.);
#234 = DIRECTION('',(0.,1.,0.));
#235 = ORIENTED_EDGE('',*,*,#236,.F.);
#236 = EDGE_CURVE('',#98,#229,#237,.T.);
#237 = CIRCLE('',#238,4.5E-02);
#238 = AXIS2_PLACEMENT_3D('',#239,#240,#241);
#239 = CARTESIAN_POINT('',(-0.955,0.6,0.405));
#240 = DIRECTION('',(0.,1.,0.));
#241 = DIRECTION('',(0.,-0.,1.));
#242 = ORIENTED_EDGE('',*,*,#105,.F.);
#243 = CYLINDRICAL_SURFACE('',#244,4.5E-02);
#244 = AXIS2_PLACEMENT_3D('',#245,#246,#247);
#245 = CARTESIAN_POINT('',(-0.955,-0.6,0.405));
#246 = DIRECTION('',(0.,1.,0.));
#247 = DIRECTION('',(-1.,0.,0.));
#248 = ADVANCED_FACE('',(#249),#310,.T.);
#249 = FACE_BOUND('',#250,.T.);
#250 = EDGE_LOOP('',(#251,#259,#260,#261,#262,#270,#279,#287,#295,#303)
  );
#251 = ORIENTED_EDGE('',*,*,#252,.F.);
#252 = EDGE_CURVE('',#204,#253,#255,.T.);
#253 = VERTEX_POINT('',#254);
#254 = CARTESIAN_POINT('',(-0.745,0.6,-2.775557561563E-17));
#255 = LINE('',#256,#257);
#256 = CARTESIAN_POINT('',(-1.,0.6,0.));
#257 = VECTOR('',#258,1.);
#258 = DIRECTION('',(1.,0.,0.));
#259 = ORIENTED_EDGE('',*,*,#203,.F.);
#260 = ORIENTED_EDGE('',*,*,#97,.T.);
#261 = ORIENTED_EDGE('',*,*,#236,.T.);
#262 = ORIENTED_EDGE('',*,*,#263,.T.);
#263 = EDGE_CURVE('',#229,#264,#266,.T.);
#264 = VERTEX_POINT('',#265);
#265 = CARTESIAN_POINT('',(-0.745,0.6,0.45));
#266 = LINE('',#267,#268);
#267 = CARTESIAN_POINT('',(-1.,0.6,0.45));
#268 = VECTOR('',#269,1.);
#269 = DIRECTION('',(1.,0.,0.));
#270 = ORIENTED_EDGE('',*,*,#271,.F.);
#271 = EDGE_CURVE('',#272,#264,#274,.T.);
#272 = VERTEX_POINT('',#273);
#273 = CARTESIAN_POINT('',(-0.7,0.6,0.405));
#274 = CIRCLE('',#275,4.5E-02);
#275 = AXIS2_PLACEMENT_3D('',#276,#277,#278);
#276 = CARTESIAN_POINT('',(-0.745,0.6,0.405));
#277 = DIRECTION('',(0.,-1.,0.));
#278 = DIRECTION('',(0.,0.,1.));
#279 = ORIENTED_EDGE('',*,*,#280,.F.);
#280 = EDGE_CURVE('',#281,#272,#283,.T.);
#281 = VERTEX_POINT('',#282);
#282 = CARTESIAN_POINT('',(-0.955,0.6,0.405));
#283 = LINE('',#284,#285);
#284 = CARTESIAN_POINT('',(-0.955,0.6,0.405));
#285 = VECTOR('',#286,1.);
#286 = DIRECTION('',(1.,0.,0.));
#287 = ORIENTED_EDGE('',*,*,#288,.F.);
#288 = EDGE_CURVE('',#289,#281,#291,.T.);
#289 = VERTEX_POINT('',#290);
#290 = CARTESIAN_POINT('',(-0.955,0.6,4.5E-02));
#291 = LINE('',#292,#293);
#292 = CARTESIAN_POINT('',(-0.955,0.6,4.5E-02));
#293 = VECTOR('',#294,1.);
#294 = DIRECTION('',(0.,0.,1.));
#295 = ORIENTED_EDGE('',*,*,#296,.T.);
#296 = EDGE_CURVE('',#289,#297,#299,.T.);
#297 = VERTEX_POINT('',#298);
#298 = CARTESIAN_POINT('',(-0.7,0.6,4.5E-02));
#299 = LINE('',#300,#301);
#300 = CARTESIAN_POINT('',(-0.955,0.6,4.5E-02));
#301 = VECTOR('',#302,1.);
#302 = DIRECTION('',(1.,0.,0.));
#303 = ORIENTED_EDGE('',*,*,#304,.T.);
#304 = EDGE_CURVE('',#297,#253,#305,.T.);
#305 = CIRCLE('',#306,4.5E-02);
#306 = AXIS2_PLACEMENT_3D('',#307,#308,#309);
#307 = CARTESIAN_POINT('',(-0.745,0.6,4.5E-02));
#308 = DIRECTION('',(0.,1.,0.));
#309 = DIRECTION('',(0.,-0.,1.));
#310 = PLANE('',#311);
#311 = AXIS2_PLACEMENT_3D('',#312,#313,#314);
#312 = CARTESIAN_POINT('',(-1.,0.6,0.));
#313 = DIRECTION('',(0.,1.,0.));
#314 = DIRECTION('',(0.,-0.,1.));
#315 = ADVANCED_FACE('',(#316),#327,.F.);
#316 = FACE_BOUND('',#317,.F.);
#317 = EDGE_LOOP('',(#318,#319,#320,#321));
#318 = ORIENTED_EDGE('',*,*,#252,.F.);
#319 = ORIENTED_EDGE('',*,*,#212,.F.);
#320 = ORIENTED_EDGE('',*,*,#119,.T.);
#321 = ORIENTED_EDGE('',*,*,#322,.T.);
#322 = EDGE_CURVE('',#122,#253,#323,.T.);
#323 = LINE('',#324,#325);
#324 = CARTESIAN_POINT('',(-0.745,-0.6,-2.775557561563E-17));
#325 = VECTOR('',#326,1.);
#326 = DIRECTION('',(0.,1.,0.));
#327 = PLANE('',#328);
#328 = AXIS2_PLACEMENT_3D('',#329,#330,#331);
#329 = CARTESIAN_POINT('',(-1.,-0.6,0.));
#330 = DIRECTION('',(0.,0.,1.));
#331 = DIRECTION('',(1.,0.,-0.));
#332 = ADVANCED_FACE('',(#333),#344,.T.);
#333 = FACE_BOUND('',#334,.T.);
#334 = EDGE_LOOP('',(#335,#336,#337,#338));
#335 = ORIENTED_EDGE('',*,*,#187,.T.);
#336 = ORIENTED_EDGE('',*,*,#322,.T.);
#337 = ORIENTED_EDGE('',*,*,#304,.F.);
#338 = ORIENTED_EDGE('',*,*,#339,.F.);
#339 = EDGE_CURVE('',#180,#297,#340,.T.);
#340 = LINE('',#341,#342);
#341 = CARTESIAN_POINT('',(-0.7,-0.6,4.5E-02));
#342 = VECTOR('',#343,1.);
#343 = DIRECTION('',(0.,1.,0.));
#344 = CYLINDRICAL_SURFACE('',#345,4.5E-02);
#345 = AXIS2_PLACEMENT_3D('',#346,#347,#348);
#346 = CARTESIAN_POINT('',(-0.745,-0.6,4.5E-02));
#347 = DIRECTION('',(0.,1.,0.));
#348 = DIRECTION('',(1.,0.,0.));
#349 = ADVANCED_FACE('',(#350),#393,.F.);
#350 = FACE_BOUND('',#351,.F.);
#351 = EDGE_LOOP('',(#352,#353,#354,#355,#363,#371,#379,#387));
#352 = ORIENTED_EDGE('',*,*,#179,.F.);
#353 = ORIENTED_EDGE('',*,*,#171,.T.);
#354 = ORIENTED_EDGE('',*,*,#163,.T.);
#355 = ORIENTED_EDGE('',*,*,#356,.T.);
#356 = EDGE_CURVE('',#155,#357,#359,.T.);
#357 = VERTEX_POINT('',#358);
#358 = CARTESIAN_POINT('',(0.7,-0.6,0.405));
#359 = LINE('',#360,#361);
#360 = CARTESIAN_POINT('',(-0.7,-0.6,0.405));
#361 = VECTOR('',#362,1.);
#362 = DIRECTION('',(1.,0.,0.));
#363 = ORIENTED_EDGE('',*,*,#364,.T.);
#364 = EDGE_CURVE('',#357,#365,#367,.T.);
#365 = VERTEX_POINT('',#366);
#366 = CARTESIAN_POINT('',(0.955,-0.6,0.405));
#367 = LINE('',#368,#369);
#368 = CARTESIAN_POINT('',(-0.955,-0.6,0.405));
#369 = VECTOR('',#370,1.);
#370 = DIRECTION('',(1.,0.,0.));
#371 = ORIENTED_EDGE('',*,*,#372,.F.);
#372 = EDGE_CURVE('',#373,#365,#375,.T.);
#373 = VERTEX_POINT('',#374);
#374 = CARTESIAN_POINT('',(0.955,-0.6,4.5E-02));
#375 = LINE('',#376,#377);
#376 = CARTESIAN_POINT('',(0.955,-0.6,4.5E-02));
#377 = VECTOR('',#378,1.);
#378 = DIRECTION('',(0.,0.,1.));
#379 = ORIENTED_EDGE('',*,*,#380,.F.);
#380 = EDGE_CURVE('',#381,#373,#383,.T.);
#381 = VERTEX_POINT('',#382);
#382 = CARTESIAN_POINT('',(0.7,-0.6,4.5E-02));
#383 = LINE('',#384,#385);
#384 = CARTESIAN_POINT('',(-0.955,-0.6,4.5E-02));
#385 = VECTOR('',#386,1.);
#386 = DIRECTION('',(1.,0.,0.));
#387 = ORIENTED_EDGE('',*,*,#388,.F.);
#388 = EDGE_CURVE('',#180,#381,#389,.T.);
#389 = LINE('',#390,#391);
#390 = CARTESIAN_POINT('',(-0.955,-0.6,4.5E-02));
#391 = VECTOR('',#392,1.);
#392 = DIRECTION('',(1.,0.,0.));
#393 = PLANE('',#394);
#394 = AXIS2_PLACEMENT_3D('',#395,#396,#397);
#395 = CARTESIAN_POINT('',(-0.955,-0.6,4.5E-02));
#396 = DIRECTION('',(0.,1.,0.));
#397 = DIRECTION('',(0.,-0.,1.));
#398 = ADVANCED_FACE('',(#399),#410,.T.);
#399 = FACE_BOUND('',#400,.T.);
#400 = EDGE_LOOP('',(#401,#402,#403,#404));
#401 = ORIENTED_EDGE('',*,*,#263,.F.);
#402 = ORIENTED_EDGE('',*,*,#228,.F.);
#403 = ORIENTED_EDGE('',*,*,#146,.T.);
#404 = ORIENTED_EDGE('',*,*,#405,.T.);
#405 = EDGE_CURVE('',#147,#264,#406,.T.);
#406 = LINE('',#407,#408);
#407 = CARTESIAN_POINT('',(-0.745,-0.6,0.45));
#408 = VECTOR('',#409,1.);
#409 = DIRECTION('',(0.,1.,0.));
#410 = PLANE('',#411);
#411 = AXIS2_PLACEMENT_3D('',#412,#413,#414);
#412 = CARTESIAN_POINT('',(-1.,-0.6,0.45));
#413 = DIRECTION('',(0.,0.,1.));
#414 = DIRECTION('',(1.,0.,-0.));
#415 = ADVANCED_FACE('',(#416),#427,.T.);
#416 = FACE_BOUND('',#417,.T.);
#417 = EDGE_LOOP('',(#418,#424,#425,#426));
#418 = ORIENTED_EDGE('',*,*,#419,.T.);
#419 = EDGE_CURVE('',#155,#272,#420,.T.);
#420 = LINE('',#421,#422);
#421 = CARTESIAN_POINT('',(-0.7,-0.6,0.405));
#422 = VECTOR('',#423,1.);
#423 = DIRECTION('',(0.,1.,0.));
#424 = ORIENTED_EDGE('',*,*,#271,.T.);
#425 = ORIENTED_EDGE('',*,*,#405,.F.);
#426 = ORIENTED_EDGE('',*,*,#154,.F.);
#427 = CYLINDRICAL_SURFACE('',#428,4.5E-02);
#428 = AXIS2_PLACEMENT_3D('',#429,#430,#431);
#429 = CARTESIAN_POINT('',(-0.745,-0.6,0.405));
#430 = DIRECTION('',(0.,1.,0.));
#431 = DIRECTION('',(1.,0.,0.));
#432 = ADVANCED_FACE('',(#433),#476,.T.);
#433 = FACE_BOUND('',#434,.T.);
#434 = EDGE_LOOP('',(#435,#436,#437,#438,#446,#454,#462,#470));
#435 = ORIENTED_EDGE('',*,*,#296,.F.);
#436 = ORIENTED_EDGE('',*,*,#288,.T.);
#437 = ORIENTED_EDGE('',*,*,#280,.T.);
#438 = ORIENTED_EDGE('',*,*,#439,.T.);
#439 = EDGE_CURVE('',#272,#440,#442,.T.);
#440 = VERTEX_POINT('',#441);
#441 = CARTESIAN_POINT('',(0.7,0.6,0.405));
#442 = LINE('',#443,#444);
#443 = CARTESIAN_POINT('',(-0.7,0.6,0.405));
#444 = VECTOR('',#445,1.);
#445 = DIRECTION('',(1.,0.,0.));
#446 = ORIENTED_EDGE('',*,*,#447,.T.);
#447 = EDGE_CURVE('',#440,#448,#450,.T.);
#448 = VERTEX_POINT('',#449);
#449 = CARTESIAN_POINT('',(0.955,0.6,0.405));
#450 = LINE('',#451,#452);
#451 = CARTESIAN_POINT('',(-0.955,0.6,0.405));
#452 = VECTOR('',#453,1.);
#453 = DIRECTION('',(1.,0.,0.));
#454 = ORIENTED_EDGE('',*,*,#455,.F.);
#455 = EDGE_CURVE('',#456,#448,#458,.T.);
#456 = VERTEX_POINT('',#457);
#457 = CARTESIAN_POINT('',(0.955,0.6,4.5E-02));
#458 = LINE('',#459,#460);
#459 = CARTESIAN_POINT('',(0.955,0.6,4.5E-02));
#460 = VECTOR('',#461,1.);
#461 = DIRECTION('',(0.,0.,1.));
#462 = ORIENTED_EDGE('',*,*,#463,.F.);
#463 = EDGE_CURVE('',#464,#456,#466,.T.);
#464 = VERTEX_POINT('',#465);
#465 = CARTESIAN_POINT('',(0.7,0.6,4.5E-02));
#466 = LINE('',#467,#468);
#467 = CARTESIAN_POINT('',(-0.955,0.6,4.5E-02));
#468 = VECTOR('',#469,1.);
#469 = DIRECTION('',(1.,0.,0.));
#470 = ORIENTED_EDGE('',*,*,#471,.F.);
#471 = EDGE_CURVE('',#297,#464,#472,.T.);
#472 = LINE('',#473,#474);
#473 = CARTESIAN_POINT('',(-0.955,0.6,4.5E-02));
#474 = VECTOR('',#475,1.);
#475 = DIRECTION('',(1.,0.,0.));
#476 = PLANE('',#477);
#477 = AXIS2_PLACEMENT_3D('',#478,#479,#480);
#478 = CARTESIAN_POINT('',(-0.955,0.6,4.5E-02));
#479 = DIRECTION('',(0.,1.,0.));
#480 = DIRECTION('',(0.,-0.,1.));
#481 = ADVANCED_FACE('',(#482),#493,.F.);
#482 = FACE_BOUND('',#483,.F.);
#483 = EDGE_LOOP('',(#484,#485,#486,#492));
#484 = ORIENTED_EDGE('',*,*,#339,.F.);
#485 = ORIENTED_EDGE('',*,*,#388,.T.);
#486 = ORIENTED_EDGE('',*,*,#487,.T.);
#487 = EDGE_CURVE('',#381,#464,#488,.T.);
#488 = LINE('',#489,#490);
#489 = CARTESIAN_POINT('',(0.7,-0.6,4.5E-02));
#490 = VECTOR('',#491,1.);
#491 = DIRECTION('',(0.,1.,0.));
#492 = ORIENTED_EDGE('',*,*,#471,.F.);
#493 = PLANE('',#494);
#494 = AXIS2_PLACEMENT_3D('',#495,#496,#497);
#495 = CARTESIAN_POINT('',(-0.955,-0.6,4.5E-02));
#496 = DIRECTION('',(0.,0.,1.));
#497 = DIRECTION('',(1.,0.,-0.));
#498 = ADVANCED_FACE('',(#499),#562,.F.);
#499 = FACE_BOUND('',#500,.F.);
#500 = EDGE_LOOP('',(#501,#511,#518,#519,#520,#521,#530,#538,#547,#555)
  );
#501 = ORIENTED_EDGE('',*,*,#502,.F.);
#502 = EDGE_CURVE('',#503,#505,#507,.T.);
#503 = VERTEX_POINT('',#504);
#504 = CARTESIAN_POINT('',(0.745,-0.6,-2.775557561563E-17));
#505 = VERTEX_POINT('',#506);
#506 = CARTESIAN_POINT('',(0.955,-0.6,-2.775557561563E-17));
#507 = LINE('',#508,#509);
#508 = CARTESIAN_POINT('',(0.7,-0.6,0.));
#509 = VECTOR('',#510,1.);
#510 = DIRECTION('',(1.,0.,0.));
#511 = ORIENTED_EDGE('',*,*,#512,.F.);
#512 = EDGE_CURVE('',#381,#503,#513,.T.);
#513 = CIRCLE('',#514,4.5E-02);
#514 = AXIS2_PLACEMENT_3D('',#515,#516,#517);
#515 = CARTESIAN_POINT('',(0.745,-0.6,4.5E-02));
#516 = DIRECTION('',(0.,-1.,0.));
#517 = DIRECTION('',(0.,0.,1.));
#518 = ORIENTED_EDGE('',*,*,#380,.T.);
#519 = ORIENTED_EDGE('',*,*,#372,.T.);
#520 = ORIENTED_EDGE('',*,*,#364,.F.);
#521 = ORIENTED_EDGE('',*,*,#522,.T.);
#522 = EDGE_CURVE('',#357,#523,#525,.T.);
#523 = VERTEX_POINT('',#524);
#524 = CARTESIAN_POINT('',(0.745,-0.6,0.45));
#525 = CIRCLE('',#526,4.5E-02);
#526 = AXIS2_PLACEMENT_3D('',#527,#528,#529);
#527 = CARTESIAN_POINT('',(0.745,-0.6,0.405));
#528 = DIRECTION('',(0.,1.,0.));
#529 = DIRECTION('',(0.,-0.,1.));
#530 = ORIENTED_EDGE('',*,*,#531,.T.);
#531 = EDGE_CURVE('',#523,#532,#534,.T.);
#532 = VERTEX_POINT('',#533);
#533 = CARTESIAN_POINT('',(0.955,-0.6,0.45));
#534 = LINE('',#535,#536);
#535 = CARTESIAN_POINT('',(0.7,-0.6,0.45));
#536 = VECTOR('',#537,1.);
#537 = DIRECTION('',(1.,0.,0.));
#538 = ORIENTED_EDGE('',*,*,#539,.F.);
#539 = EDGE_CURVE('',#540,#532,#542,.T.);
#540 = VERTEX_POINT('',#541);
#541 = CARTESIAN_POINT('',(1.,-0.6,0.405));
#542 = CIRCLE('',#543,4.5E-02);
#543 = AXIS2_PLACEMENT_3D('',#544,#545,#546);
#544 = CARTESIAN_POINT('',(0.955,-0.6,0.405));
#545 = DIRECTION('',(0.,-1.,0.));
#546 = DIRECTION('',(0.,0.,1.));
#547 = ORIENTED_EDGE('',*,*,#548,.F.);
#548 = EDGE_CURVE('',#549,#540,#551,.T.);
#549 = VERTEX_POINT('',#550);
#550 = CARTESIAN_POINT('',(1.,-0.6,4.5E-02));
#551 = LINE('',#552,#553);
#552 = CARTESIAN_POINT('',(1.,-0.6,0.));
#553 = VECTOR('',#554,1.);
#554 = DIRECTION('',(0.,0.,1.));
#555 = ORIENTED_EDGE('',*,*,#556,.T.);
#556 = EDGE_CURVE('',#549,#505,#557,.T.);
#557 = CIRCLE('',#558,4.5E-02);
#558 = AXIS2_PLACEMENT_3D('',#559,#560,#561);
#559 = CARTESIAN_POINT('',(0.955,-0.6,4.5E-02));
#560 = DIRECTION('',(0.,1.,0.));
#561 = DIRECTION('',(0.,-0.,1.));
#562 = PLANE('',#563);
#563 = AXIS2_PLACEMENT_3D('',#564,#565,#566);
#564 = CARTESIAN_POINT('',(0.7,-0.6,0.));
#565 = DIRECTION('',(0.,1.,0.));
#566 = DIRECTION('',(0.,-0.,1.));
#567 = ADVANCED_FACE('',(#568),#593,.F.);
#568 = FACE_BOUND('',#569,.F.);
#569 = EDGE_LOOP('',(#570,#571,#579,#587));
#570 = ORIENTED_EDGE('',*,*,#356,.F.);
#571 = ORIENTED_EDGE('',*,*,#572,.T.);
#572 = EDGE_CURVE('',#155,#573,#575,.T.);
#573 = VERTEX_POINT('',#574);
#574 = CARTESIAN_POINT('',(-0.7,-0.6,0.45));
#575 = LINE('',#576,#577);
#576 = CARTESIAN_POINT('',(-0.7,-0.6,0.405));
#577 = VECTOR('',#578,1.);
#578 = DIRECTION('',(0.,0.,1.));
#579 = ORIENTED_EDGE('',*,*,#580,.T.);
#580 = EDGE_CURVE('',#573,#581,#583,.T.);
#581 = VERTEX_POINT('',#582);
#582 = CARTESIAN_POINT('',(0.7,-0.6,0.45));
#583 = LINE('',#584,#585);
#584 = CARTESIAN_POINT('',(-0.7,-0.6,0.45));
#585 = VECTOR('',#586,1.);
#586 = DIRECTION('',(1.,0.,0.));
#587 = ORIENTED_EDGE('',*,*,#588,.F.);
#588 = EDGE_CURVE('',#357,#581,#589,.T.);
#589 = LINE('',#590,#591);
#590 = CARTESIAN_POINT('',(0.7,-0.6,0.405));
#591 = VECTOR('',#592,1.);
#592 = DIRECTION('',(0.,0.,1.));
#593 = PLANE('',#594);
#594 = AXIS2_PLACEMENT_3D('',#595,#596,#597);
#595 = CARTESIAN_POINT('',(-0.7,-0.6,0.405));
#596 = DIRECTION('',(0.,1.,0.));
#597 = DIRECTION('',(0.,-0.,1.));
#598 = ADVANCED_FACE('',(#599),#617,.F.);
#599 = FACE_BOUND('',#600,.F.);
#600 = EDGE_LOOP('',(#601,#602,#603,#611));
#601 = ORIENTED_EDGE('',*,*,#572,.F.);
#602 = ORIENTED_EDGE('',*,*,#419,.T.);
#603 = ORIENTED_EDGE('',*,*,#604,.T.);
#604 = EDGE_CURVE('',#272,#605,#607,.T.);
#605 = VERTEX_POINT('',#606);
#606 = CARTESIAN_POINT('',(-0.7,0.6,0.45));
#607 = LINE('',#608,#609);
#608 = CARTESIAN_POINT('',(-0.7,0.6,0.405));
#609 = VECTOR('',#610,1.);
#610 = DIRECTION('',(0.,0.,1.));
#611 = ORIENTED_EDGE('',*,*,#612,.F.);
#612 = EDGE_CURVE('',#573,#605,#613,.T.);
#613 = LINE('',#614,#615);
#614 = CARTESIAN_POINT('',(-0.7,-0.6,0.45));
#615 = VECTOR('',#616,1.);
#616 = DIRECTION('',(0.,1.,0.));
#617 = PLANE('',#618);
#618 = AXIS2_PLACEMENT_3D('',#619,#620,#621);
#619 = CARTESIAN_POINT('',(-0.7,-0.6,0.405));
#620 = DIRECTION('',(1.,0.,0.));
#621 = DIRECTION('',(0.,0.,1.));
#622 = ADVANCED_FACE('',(#623),#686,.T.);
#623 = FACE_BOUND('',#624,.T.);
#624 = EDGE_LOOP('',(#625,#635,#642,#643,#644,#645,#654,#662,#671,#679)
  );
#625 = ORIENTED_EDGE('',*,*,#626,.F.);
#626 = EDGE_CURVE('',#627,#629,#631,.T.);
#627 = VERTEX_POINT('',#628);
#628 = CARTESIAN_POINT('',(0.745,0.6,-2.775557561563E-17));
#629 = VERTEX_POINT('',#630);
#630 = CARTESIAN_POINT('',(0.955,0.6,-2.775557561563E-17));
#631 = LINE('',#632,#633);
#632 = CARTESIAN_POINT('',(0.7,0.6,0.));
#633 = VECTOR('',#634,1.);
#634 = DIRECTION('',(1.,0.,0.));
#635 = ORIENTED_EDGE('',*,*,#636,.F.);
#636 = EDGE_CURVE('',#464,#627,#637,.T.);
#637 = CIRCLE('',#638,4.5E-02);
#638 = AXIS2_PLACEMENT_3D('',#639,#640,#641);
#639 = CARTESIAN_POINT('',(0.745,0.6,4.5E-02));
#640 = DIRECTION('',(0.,-1.,0.));
#641 = DIRECTION('',(0.,0.,1.));
#642 = ORIENTED_EDGE('',*,*,#463,.T.);
#643 = ORIENTED_EDGE('',*,*,#455,.T.);
#644 = ORIENTED_EDGE('',*,*,#447,.F.);
#645 = ORIENTED_EDGE('',*,*,#646,.T.);
#646 = EDGE_CURVE('',#440,#647,#649,.T.);
#647 = VERTEX_POINT('',#648);
#648 = CARTESIAN_POINT('',(0.745,0.6,0.45));
#649 = CIRCLE('',#650,4.5E-02);
#650 = AXIS2_PLACEMENT_3D('',#651,#652,#653);
#651 = CARTESIAN_POINT('',(0.745,0.6,0.405));
#652 = DIRECTION('',(0.,1.,0.));
#653 = DIRECTION('',(0.,-0.,1.));
#654 = ORIENTED_EDGE('',*,*,#655,.T.);
#655 = EDGE_CURVE('',#647,#656,#658,.T.);
#656 = VERTEX_POINT('',#657);
#657 = CARTESIAN_POINT('',(0.955,0.6,0.45));
#658 = LINE('',#659,#660);
#659 = CARTESIAN_POINT('',(0.7,0.6,0.45));
#660 = VECTOR('',#661,1.);
#661 = DIRECTION('',(1.,0.,0.));
#662 = ORIENTED_EDGE('',*,*,#663,.F.);
#663 = EDGE_CURVE('',#664,#656,#666,.T.);
#664 = VERTEX_POINT('',#665);
#665 = CARTESIAN_POINT('',(1.,0.6,0.405));
#666 = CIRCLE('',#667,4.5E-02);
#667 = AXIS2_PLACEMENT_3D('',#668,#669,#670);
#668 = CARTESIAN_POINT('',(0.955,0.6,0.405));
#669 = DIRECTION('',(0.,-1.,0.));
#670 = DIRECTION('',(0.,0.,1.));
#671 = ORIENTED_EDGE('',*,*,#672,.F.);
#672 = EDGE_CURVE('',#673,#664,#675,.T.);
#673 = VERTEX_POINT('',#674);
#674 = CARTESIAN_POINT('',(1.,0.6,4.5E-02));
#675 = LINE('',#676,#677);
#676 = CARTESIAN_POINT('',(1.,0.6,0.));
#677 = VECTOR('',#678,1.);
#678 = DIRECTION('',(0.,0.,1.));
#679 = ORIENTED_EDGE('',*,*,#680,.T.);
#680 = EDGE_CURVE('',#673,#629,#681,.T.);
#681 = CIRCLE('',#682,4.5E-02);
#682 = AXIS2_PLACEMENT_3D('',#683,#684,#685);
#683 = CARTESIAN_POINT('',(0.955,0.6,4.5E-02));
#684 = DIRECTION('',(0.,1.,0.));
#685 = DIRECTION('',(0.,-0.,1.));
#686 = PLANE('',#687);
#687 = AXIS2_PLACEMENT_3D('',#688,#689,#690);
#688 = CARTESIAN_POINT('',(0.7,0.6,0.));
#689 = DIRECTION('',(0.,1.,0.));
#690 = DIRECTION('',(0.,-0.,1.));
#691 = ADVANCED_FACE('',(#692),#710,.T.);
#692 = FACE_BOUND('',#693,.T.);
#693 = EDGE_LOOP('',(#694,#695,#696,#704));
#694 = ORIENTED_EDGE('',*,*,#439,.F.);
#695 = ORIENTED_EDGE('',*,*,#604,.T.);
#696 = ORIENTED_EDGE('',*,*,#697,.T.);
#697 = EDGE_CURVE('',#605,#698,#700,.T.);
#698 = VERTEX_POINT('',#699);
#699 = CARTESIAN_POINT('',(0.7,0.6,0.45));
#700 = LINE('',#701,#702);
#701 = CARTESIAN_POINT('',(-0.7,0.6,0.45));
#702 = VECTOR('',#703,1.);
#703 = DIRECTION('',(1.,0.,0.));
#704 = ORIENTED_EDGE('',*,*,#705,.F.);
#705 = EDGE_CURVE('',#440,#698,#706,.T.);
#706 = LINE('',#707,#708);
#707 = CARTESIAN_POINT('',(0.7,0.6,0.405));
#708 = VECTOR('',#709,1.);
#709 = DIRECTION('',(0.,0.,1.));
#710 = PLANE('',#711);
#711 = AXIS2_PLACEMENT_3D('',#712,#713,#714);
#712 = CARTESIAN_POINT('',(-0.7,0.6,0.405));
#713 = DIRECTION('',(0.,1.,0.));
#714 = DIRECTION('',(0.,-0.,1.));
#715 = ADVANCED_FACE('',(#716),#727,.T.);
#716 = FACE_BOUND('',#717,.T.);
#717 = EDGE_LOOP('',(#718,#719,#720,#726));
#718 = ORIENTED_EDGE('',*,*,#487,.T.);
#719 = ORIENTED_EDGE('',*,*,#636,.T.);
#720 = ORIENTED_EDGE('',*,*,#721,.F.);
#721 = EDGE_CURVE('',#503,#627,#722,.T.);
#722 = LINE('',#723,#724);
#723 = CARTESIAN_POINT('',(0.745,-0.6,-2.775557561563E-17));
#724 = VECTOR('',#725,1.);
#725 = DIRECTION('',(0.,1.,0.));
#726 = ORIENTED_EDGE('',*,*,#512,.F.);
#727 = CYLINDRICAL_SURFACE('',#728,4.5E-02);
#728 = AXIS2_PLACEMENT_3D('',#729,#730,#731);
#729 = CARTESIAN_POINT('',(0.745,-0.6,4.5E-02));
#730 = DIRECTION('',(0.,1.,0.));
#731 = DIRECTION('',(-1.,0.,0.));
#732 = ADVANCED_FACE('',(#733),#744,.F.);
#733 = FACE_BOUND('',#734,.F.);
#734 = EDGE_LOOP('',(#735,#736,#737,#738));
#735 = ORIENTED_EDGE('',*,*,#626,.F.);
#736 = ORIENTED_EDGE('',*,*,#721,.F.);
#737 = ORIENTED_EDGE('',*,*,#502,.T.);
#738 = ORIENTED_EDGE('',*,*,#739,.T.);
#739 = EDGE_CURVE('',#505,#629,#740,.T.);
#740 = LINE('',#741,#742);
#741 = CARTESIAN_POINT('',(0.955,-0.6,-2.775557561563E-17));
#742 = VECTOR('',#743,1.);
#743 = DIRECTION('',(0.,1.,0.));
#744 = PLANE('',#745);
#745 = AXIS2_PLACEMENT_3D('',#746,#747,#748);
#746 = CARTESIAN_POINT('',(0.7,-0.6,0.));
#747 = DIRECTION('',(0.,0.,1.));
#748 = DIRECTION('',(1.,0.,-0.));
#749 = ADVANCED_FACE('',(#750),#761,.T.);
#750 = FACE_BOUND('',#751,.T.);
#751 = EDGE_LOOP('',(#752,#753,#754,#755));
#752 = ORIENTED_EDGE('',*,*,#556,.T.);
#753 = ORIENTED_EDGE('',*,*,#739,.T.);
#754 = ORIENTED_EDGE('',*,*,#680,.F.);
#755 = ORIENTED_EDGE('',*,*,#756,.F.);
#756 = EDGE_CURVE('',#549,#673,#757,.T.);
#757 = LINE('',#758,#759);
#758 = CARTESIAN_POINT('',(1.,-0.6,4.5E-02));
#759 = VECTOR('',#760,1.);
#760 = DIRECTION('',(0.,1.,0.));
#761 = CYLINDRICAL_SURFACE('',#762,4.5E-02);
#762 = AXIS2_PLACEMENT_3D('',#763,#764,#765);
#763 = CARTESIAN_POINT('',(0.955,-0.6,4.5E-02));
#764 = DIRECTION('',(0.,1.,0.));
#765 = DIRECTION('',(1.,0.,0.));
#766 = ADVANCED_FACE('',(#767),#778,.T.);
#767 = FACE_BOUND('',#768,.T.);
#768 = EDGE_LOOP('',(#769,#770,#771,#772));
#769 = ORIENTED_EDGE('',*,*,#548,.F.);
#770 = ORIENTED_EDGE('',*,*,#756,.T.);
#771 = ORIENTED_EDGE('',*,*,#672,.T.);
#772 = ORIENTED_EDGE('',*,*,#773,.F.);
#773 = EDGE_CURVE('',#540,#664,#774,.T.);
#774 = LINE('',#775,#776);
#775 = CARTESIAN_POINT('',(1.,-0.6,0.405));
#776 = VECTOR('',#777,1.);
#777 = DIRECTION('',(0.,1.,0.));
#778 = PLANE('',#779);
#779 = AXIS2_PLACEMENT_3D('',#780,#781,#782);
#780 = CARTESIAN_POINT('',(1.,-0.6,0.));
#781 = DIRECTION('',(1.,0.,0.));
#782 = DIRECTION('',(0.,0.,1.));
#783 = ADVANCED_FACE('',(#784),#795,.T.);
#784 = FACE_BOUND('',#785,.T.);
#785 = EDGE_LOOP('',(#786,#787,#788,#794));
#786 = ORIENTED_EDGE('',*,*,#773,.T.);
#787 = ORIENTED_EDGE('',*,*,#663,.T.);
#788 = ORIENTED_EDGE('',*,*,#789,.F.);
#789 = EDGE_CURVE('',#532,#656,#790,.T.);
#790 = LINE('',#791,#792);
#791 = CARTESIAN_POINT('',(0.955,-0.6,0.45));
#792 = VECTOR('',#793,1.);
#793 = DIRECTION('',(0.,1.,0.));
#794 = ORIENTED_EDGE('',*,*,#539,.F.);
#795 = CYLINDRICAL_SURFACE('',#796,4.5E-02);
#796 = AXIS2_PLACEMENT_3D('',#797,#798,#799);
#797 = CARTESIAN_POINT('',(0.955,-0.6,0.405));
#798 = DIRECTION('',(0.,1.,0.));
#799 = DIRECTION('',(1.,0.,0.));
#800 = ADVANCED_FACE('',(#801),#812,.T.);
#801 = FACE_BOUND('',#802,.T.);
#802 = EDGE_LOOP('',(#803,#804,#810,#811));
#803 = ORIENTED_EDGE('',*,*,#655,.F.);
#804 = ORIENTED_EDGE('',*,*,#805,.F.);
#805 = EDGE_CURVE('',#523,#647,#806,.T.);
#806 = LINE('',#807,#808);
#807 = CARTESIAN_POINT('',(0.745,-0.6,0.45));
#808 = VECTOR('',#809,1.);
#809 = DIRECTION('',(0.,1.,0.));
#810 = ORIENTED_EDGE('',*,*,#531,.T.);
#811 = ORIENTED_EDGE('',*,*,#789,.T.);
#812 = PLANE('',#813);
#813 = AXIS2_PLACEMENT_3D('',#814,#815,#816);
#814 = CARTESIAN_POINT('',(0.7,-0.6,0.45));
#815 = DIRECTION('',(0.,0.,1.));
#816 = DIRECTION('',(1.,0.,-0.));
#817 = ADVANCED_FACE('',(#818),#829,.T.);
#818 = FACE_BOUND('',#819,.T.);
#819 = EDGE_LOOP('',(#820,#821,#822,#823));
#820 = ORIENTED_EDGE('',*,*,#522,.T.);
#821 = ORIENTED_EDGE('',*,*,#805,.T.);
#822 = ORIENTED_EDGE('',*,*,#646,.F.);
#823 = ORIENTED_EDGE('',*,*,#824,.F.);
#824 = EDGE_CURVE('',#357,#440,#825,.T.);
#825 = LINE('',#826,#827);
#826 = CARTESIAN_POINT('',(0.7,-0.6,0.405));
#827 = VECTOR('',#828,1.);
#828 = DIRECTION('',(0.,1.,0.));
#829 = CYLINDRICAL_SURFACE('',#830,4.5E-02);
#830 = AXIS2_PLACEMENT_3D('',#831,#832,#833);
#831 = CARTESIAN_POINT('',(0.745,-0.6,0.405));
#832 = DIRECTION('',(0.,1.,0.));
#833 = DIRECTION('',(-1.,0.,0.));
#834 = ADVANCED_FACE('',(#835),#846,.T.);
#835 = FACE_BOUND('',#836,.T.);
#836 = EDGE_LOOP('',(#837,#838,#839,#840));
#837 = ORIENTED_EDGE('',*,*,#588,.F.);
#838 = ORIENTED_EDGE('',*,*,#824,.T.);
#839 = ORIENTED_EDGE('',*,*,#705,.T.);
#840 = ORIENTED_EDGE('',*,*,#841,.F.);
#841 = EDGE_CURVE('',#581,#698,#842,.T.);
#842 = LINE('',#843,#844);
#843 = CARTESIAN_POINT('',(0.7,-0.6,0.45));
#844 = VECTOR('',#845,1.);
#845 = DIRECTION('',(0.,1.,0.));
#846 = PLANE('',#847);
#847 = AXIS2_PLACEMENT_3D('',#848,#849,#850);
#848 = CARTESIAN_POINT('',(0.7,-0.6,0.405));
#849 = DIRECTION('',(1.,0.,0.));
#850 = DIRECTION('',(0.,0.,1.));
#851 = ADVANCED_FACE('',(#852),#858,.T.);
#852 = FACE_BOUND('',#853,.T.);
#853 = EDGE_LOOP('',(#854,#855,#856,#857));
#854 = ORIENTED_EDGE('',*,*,#612,.F.);
#855 = ORIENTED_EDGE('',*,*,#580,.T.);
#856 = ORIENTED_EDGE('',*,*,#841,.T.);
#857 = ORIENTED_EDGE('',*,*,#697,.F.);
#858 = PLANE('',#859);
#859 = AXIS2_PLACEMENT_3D('',#860,#861,#862);
#860 = CARTESIAN_POINT('',(-0.7,-0.6,0.45));
#861 = DIRECTION('',(0.,0.,1.));
#862 = DIRECTION('',(1.,0.,-0.));
#863 = ( GEOMETRIC_REPRESENTATION_CONTEXT(3) 
GLOBAL_UNCERTAINTY_ASSIGNED_CONTEXT((#867)) GLOBAL_UNIT_ASSIGNED_CONTEXT
((#864,#865,#866)) REPRESENTATION_CONTEXT('Context #1',
  '3D Context with UNIT and UNCERTAINTY') );
#864 = ( LENGTH_UNIT() NAMED_UNIT(*) SI_UNIT(.MILLI.,.METRE.) );
#865 = ( NAMED_UNIT(*) PLANE_ANGLE_UNIT() SI_UNIT($,.RADIAN.) );
#866 = ( NAMED_UNIT(*) SI_UNIT($,.STERADIAN.) SOLID_ANGLE_UNIT() );
#867 = UNCERTAINTY_MEASURE_WITH_UNIT(LENGTH_MEASURE(1.E-07),#864,
  'distance_accuracy_value','confusion accuracy');
#868 = CONTEXT_DEPENDENT_SHAPE_REPRESENTATION(#869,#871);
#869 = ( REPRESENTATION_RELATIONSHIP('','',#72,#10) 
REPRESENTATION_RELATIONSHIP_WITH_TRANSFORMATION(#870) 
SHAPE_REPRESENTATION_RELATIONSHIP() );
#870 = ITEM_DEFINED_TRANSFORMATION('','',#11,#15);
#871 = PRODUCT_DEFINITION_SHAPE('Placement','Placement of an item',#872
  );
#872 = NEXT_ASSEMBLY_USAGE_OCCURRENCE('1','R3','',#5,#67,$);
#873 = PRODUCT_RELATED_PRODUCT_CATEGORY('part',$,(#69));
#874 = SHAPE_DEFINITION_REPRESENTATION(#875,#881);
#875 = PRODUCT_DEFINITION_SHAPE('','',#876);
#876 = PRODUCT_DEFINITION('design','',#877,#880);
#877 = PRODUCT_DEFINITION_FORMATION('','',#878);
#878 = PRODUCT('LED_0805_2012Metric','LED_0805_2012Metric','',(#879));
#879 = PRODUCT_CONTEXT('',#2,'mechanical');
#880 = PRODUCT_DEFINITION_CONTEXT('part definition',#2,'design');
#881 = ADVANCED_BREP_SHAPE_REPRESENTATION('',(#11,#882),#2405);
#882 = MANIFOLD_SOLID_BREP('',#883);
#883 = CLOSED_SHELL('',(#884,#924,#971,#1050,#1074,#1114,#1145,#1162,
    #1195,#1219,#1286,#1407,#1474,#1498,#1529,#1562,#1618,#1642,#1666,
    #1690,#1723,#1735,#1798,#1823,#1840,#1864,#1882,#1900,#1918,#1935,
    #1952,#1983,#2008,#2033,#2057,#2074,#2105,#2129,#2146,#2174,#2199,
    #2223,#2248,#2295,#2312,#2324,#2346,#2358,#2376,#2394));
#884 = ADVANCED_FACE('',(#885),#919,.F.);
#885 = FACE_BOUND('',#886,.F.);
#886 = EDGE_LOOP('',(#887,#897,#905,#913));
#887 = ORIENTED_EDGE('',*,*,#888,.T.);
#888 = EDGE_CURVE('',#889,#891,#893,.T.);
#889 = VERTEX_POINT('',#890);
#890 = CARTESIAN_POINT('',(-0.65,-0.625,0.465));
#891 = VERTEX_POINT('',#892);
#892 = CARTESIAN_POINT('',(-0.585,-0.625,1.1));
#893 = LINE('',#894,#895);
#894 = CARTESIAN_POINT('',(-0.65,-0.625,0.465));
#895 = VECTOR('',#896,1.);
#896 = DIRECTION('',(0.101830105936,0.,0.994801804142));
#897 = ORIENTED_EDGE('',*,*,#898,.T.);
#898 = EDGE_CURVE('',#891,#899,#901,.T.);
#899 = VERTEX_POINT('',#900);
#900 = CARTESIAN_POINT('',(0.585,-0.625,1.1));
#901 = LINE('',#902,#903);
#902 = CARTESIAN_POINT('',(-0.585,-0.625,1.1));
#903 = VECTOR('',#904,1.);
#904 = DIRECTION('',(1.,0.,0.));
#905 = ORIENTED_EDGE('',*,*,#906,.T.);
#906 = EDGE_CURVE('',#899,#907,#909,.T.);
#907 = VERTEX_POINT('',#908);
#908 = CARTESIAN_POINT('',(0.65,-0.625,0.465));
#909 = LINE('',#910,#911);
#910 = CARTESIAN_POINT('',(0.585,-0.625,1.1));
#911 = VECTOR('',#912,1.);
#912 = DIRECTION('',(0.101830105936,0.,-0.994801804142));
#913 = ORIENTED_EDGE('',*,*,#914,.T.);
#914 = EDGE_CURVE('',#907,#889,#915,.T.);
#915 = LINE('',#916,#917);
#916 = CARTESIAN_POINT('',(0.65,-0.625,0.465));
#917 = VECTOR('',#918,1.);
#918 = DIRECTION('',(-1.,0.,-4.270088556251E-17));
#919 = PLANE('',#920);
#920 = AXIS2_PLACEMENT_3D('',#921,#922,#923);
#921 = CARTESIAN_POINT('',(1.481626402817E-17,-0.625,0.771483451357));
#922 = DIRECTION('',(-5.57234551408E-33,1.,3.18580557984E-32));
#923 = DIRECTION('',(0.,-3.18580557984E-32,1.));
#924 = ADVANCED_FACE('',(#925),#966,.T.);
#925 = FACE_BOUND('',#926,.T.);
#926 = EDGE_LOOP('',(#927,#937,#945,#951,#952,#960));
#927 = ORIENTED_EDGE('',*,*,#928,.T.);
#928 = EDGE_CURVE('',#929,#931,#933,.T.);
#929 = VERTEX_POINT('',#930);
#930 = CARTESIAN_POINT('',(-0.65,0.625,0.465));
#931 = VERTEX_POINT('',#932);
#932 = CARTESIAN_POINT('',(-0.65,0.46875,0.465));
#933 = LINE('',#934,#935);
#934 = CARTESIAN_POINT('',(-0.65,0.625,0.465));
#935 = VECTOR('',#936,1.);
#936 = DIRECTION('',(0.,-1.,0.));
#937 = ORIENTED_EDGE('',*,*,#938,.F.);
#938 = EDGE_CURVE('',#939,#931,#941,.T.);
#939 = VERTEX_POINT('',#940);
#940 = CARTESIAN_POINT('',(-0.65,-0.46875,0.465));
#941 = LINE('',#942,#943);
#942 = CARTESIAN_POINT('',(-0.65,-0.625,0.465));
#943 = VECTOR('',#944,1.);
#944 = DIRECTION('',(0.,1.,0.));
#945 = ORIENTED_EDGE('',*,*,#946,.T.);
#946 = EDGE_CURVE('',#939,#889,#947,.T.);
#947 = LINE('',#948,#949);
#948 = CARTESIAN_POINT('',(-0.65,0.625,0.465));
#949 = VECTOR('',#950,1.);
#950 = DIRECTION('',(0.,-1.,0.));
#951 = ORIENTED_EDGE('',*,*,#888,.T.);
#952 = ORIENTED_EDGE('',*,*,#953,.F.);
#953 = EDGE_CURVE('',#954,#891,#956,.T.);
#954 = VERTEX_POINT('',#955);
#955 = CARTESIAN_POINT('',(-0.585,0.625,1.1));
#956 = LINE('',#957,#958);
#957 = CARTESIAN_POINT('',(-0.585,0.625,1.1));
#958 = VECTOR('',#959,1.);
#959 = DIRECTION('',(0.,-1.,0.));
#960 = ORIENTED_EDGE('',*,*,#961,.F.);
#961 = EDGE_CURVE('',#929,#954,#962,.T.);
#962 = LINE('',#963,#964);
#963 = CARTESIAN_POINT('',(-0.65,0.625,0.465));
#964 = VECTOR('',#965,1.);
#965 = DIRECTION('',(0.101830105936,0.,0.994801804142));
#966 = PLANE('',#967);
#967 = AXIS2_PLACEMENT_3D('',#968,#969,#970);
#968 = CARTESIAN_POINT('',(-0.65,0.625,0.465));
#969 = DIRECTION('',(-0.994801804142,0.,0.101830105936));
#970 = DIRECTION('',(0.101830105936,0.,0.994801804142));
#971 = ADVANCED_FACE('',(#972),#1045,.F.);
#972 = FACE_BOUND('',#973,.F.);
#973 = EDGE_LOOP('',(#974,#984,#992,#1000,#1006,#1007,#1015,#1023,#1031,
    #1039));
#974 = ORIENTED_EDGE('',*,*,#975,.F.);
#975 = EDGE_CURVE('',#976,#978,#980,.T.);
#976 = VERTEX_POINT('',#977);
#977 = CARTESIAN_POINT('',(-0.965,-0.625,3.5E-02));
#978 = VERTEX_POINT('',#979);
#979 = CARTESIAN_POINT('',(-0.9125,-0.625,3.5E-02));
#980 = LINE('',#981,#982);
#981 = CARTESIAN_POINT('',(-0.965,-0.625,3.5E-02));
#982 = VECTOR('',#983,1.);
#983 = DIRECTION('',(1.,0.,0.));
#984 = ORIENTED_EDGE('',*,*,#985,.T.);
#985 = EDGE_CURVE('',#976,#986,#988,.T.);
#986 = VERTEX_POINT('',#987);
#987 = CARTESIAN_POINT('',(-0.965,-0.625,0.465));
#988 = LINE('',#989,#990);
#989 = CARTESIAN_POINT('',(-0.965,-0.625,3.5E-02));
#990 = VECTOR('',#991,1.);
#991 = DIRECTION('',(0.,0.,1.));
#992 = ORIENTED_EDGE('',*,*,#993,.T.);
#993 = EDGE_CURVE('',#986,#994,#996,.T.);
#994 = VERTEX_POINT('',#995);
#995 = CARTESIAN_POINT('',(-0.9125,-0.625,0.465));
#996 = LINE('',#997,#998);
#997 = CARTESIAN_POINT('',(-0.965,-0.625,0.465));
#998 = VECTOR('',#999,1.);
#999 = DIRECTION('',(1.,0.,0.));
#1000 = ORIENTED_EDGE('',*,*,#1001,.T.);
#1001 = EDGE_CURVE('',#994,#889,#1002,.T.);
#1002 = LINE('',#1003,#1004);
#1003 = CARTESIAN_POINT('',(-0.965,-0.625,0.465));
#1004 = VECTOR('',#1005,1.);
#1005 = DIRECTION('',(1.,0.,0.));
#1006 = ORIENTED_EDGE('',*,*,#914,.F.);
#1007 = ORIENTED_EDGE('',*,*,#1008,.T.);
#1008 = EDGE_CURVE('',#907,#1009,#1011,.T.);
#1009 = VERTEX_POINT('',#1010);
#1010 = CARTESIAN_POINT('',(0.9125,-0.625,0.465));
#1011 = LINE('',#1012,#1013);
#1012 = CARTESIAN_POINT('',(-0.965,-0.625,0.465));
#1013 = VECTOR('',#1014,1.);
#1014 = DIRECTION('',(1.,0.,0.));
#1015 = ORIENTED_EDGE('',*,*,#1016,.T.);
#1016 = EDGE_CURVE('',#1009,#1017,#1019,.T.);
#1017 = VERTEX_POINT('',#1018);
#1018 = CARTESIAN_POINT('',(0.965,-0.625,0.465));
#1019 = LINE('',#1020,#1021);
#1020 = CARTESIAN_POINT('',(-0.965,-0.625,0.465));
#1021 = VECTOR('',#1022,1.);
#1022 = DIRECTION('',(1.,0.,0.));
#1023 = ORIENTED_EDGE('',*,*,#1024,.F.);
#1024 = EDGE_CURVE('',#1025,#1017,#1027,.T.);
#1025 = VERTEX_POINT('',#1026);
#1026 = CARTESIAN_POINT('',(0.965,-0.625,3.5E-02));
#1027 = LINE('',#1028,#1029);
#1028 = CARTESIAN_POINT('',(0.965,-0.625,3.5E-02));
#1029 = VECTOR('',#1030,1.);
#1030 = DIRECTION('',(0.,0.,1.));
#1031 = ORIENTED_EDGE('',*,*,#1032,.F.);
#1032 = EDGE_CURVE('',#1033,#1025,#1035,.T.);
#1033 = VERTEX_POINT('',#1034);
#1034 = CARTESIAN_POINT('',(0.9125,-0.625,3.5E-02));
#1035 = LINE('',#1036,#1037);
#1036 = CARTESIAN_POINT('',(-0.965,-0.625,3.5E-02));
#1037 = VECTOR('',#1038,1.);
#1038 = DIRECTION('',(1.,0.,0.));
#1039 = ORIENTED_EDGE('',*,*,#1040,.F.);
#1040 = EDGE_CURVE('',#978,#1033,#1041,.T.);
#1041 = LINE('',#1042,#1043);
#1042 = CARTESIAN_POINT('',(-0.965,-0.625,3.5E-02));
#1043 = VECTOR('',#1044,1.);
#1044 = DIRECTION('',(1.,0.,0.));
#1045 = PLANE('',#1046);
#1046 = AXIS2_PLACEMENT_3D('',#1047,#1048,#1049);
#1047 = CARTESIAN_POINT('',(-0.965,-0.625,3.5E-02));
#1048 = DIRECTION('',(0.,1.,0.));
#1049 = DIRECTION('',(0.,-0.,1.));
#1050 = ADVANCED_FACE('',(#1051),#1069,.T.);
#1051 = FACE_BOUND('',#1052,.T.);
#1052 = EDGE_LOOP('',(#1053,#1054,#1055,#1063));
#1053 = ORIENTED_EDGE('',*,*,#953,.T.);
#1054 = ORIENTED_EDGE('',*,*,#898,.T.);
#1055 = ORIENTED_EDGE('',*,*,#1056,.F.);
#1056 = EDGE_CURVE('',#1057,#899,#1059,.T.);
#1057 = VERTEX_POINT('',#1058);
#1058 = CARTESIAN_POINT('',(0.585,0.625,1.1));
#1059 = LINE('',#1060,#1061);
#1060 = CARTESIAN_POINT('',(0.585,0.625,1.1));
#1061 = VECTOR('',#1062,1.);
#1062 = DIRECTION('',(0.,-1.,0.));
#1063 = ORIENTED_EDGE('',*,*,#1064,.F.);
#1064 = EDGE_CURVE('',#954,#1057,#1065,.T.);
#1065 = LINE('',#1066,#1067);
#1066 = CARTESIAN_POINT('',(-0.585,0.625,1.1));
#1067 = VECTOR('',#1068,1.);
#1068 = DIRECTION('',(1.,0.,0.));
#1069 = PLANE('',#1070);
#1070 = AXIS2_PLACEMENT_3D('',#1071,#1072,#1073);
#1071 = CARTESIAN_POINT('',(-0.585,0.625,1.1));
#1072 = DIRECTION('',(0.,0.,1.));
#1073 = DIRECTION('',(1.,0.,-0.));
#1074 = ADVANCED_FACE('',(#1075),#1109,.T.);
#1075 = FACE_BOUND('',#1076,.T.);
#1076 = EDGE_LOOP('',(#1077,#1078,#1079,#1087,#1095,#1103));
#1077 = ORIENTED_EDGE('',*,*,#1056,.T.);
#1078 = ORIENTED_EDGE('',*,*,#906,.T.);
#1079 = ORIENTED_EDGE('',*,*,#1080,.F.);
#1080 = EDGE_CURVE('',#1081,#907,#1083,.T.);
#1081 = VERTEX_POINT('',#1082);
#1082 = CARTESIAN_POINT('',(0.65,-0.46875,0.465));
#1083 = LINE('',#1084,#1085);
#1084 = CARTESIAN_POINT('',(0.65,0.625,0.465));
#1085 = VECTOR('',#1086,1.);
#1086 = DIRECTION('',(0.,-1.,0.));
#1087 = ORIENTED_EDGE('',*,*,#1088,.F.);
#1088 = EDGE_CURVE('',#1089,#1081,#1091,.T.);
#1089 = VERTEX_POINT('',#1090);
#1090 = CARTESIAN_POINT('',(0.65,0.46875,0.465));
#1091 = LINE('',#1092,#1093);
#1092 = CARTESIAN_POINT('',(0.65,0.625,0.465));
#1093 = VECTOR('',#1094,1.);
#1094 = DIRECTION('',(0.,-1.,0.));
#1095 = ORIENTED_EDGE('',*,*,#1096,.F.);
#1096 = EDGE_CURVE('',#1097,#1089,#1099,.T.);
#1097 = VERTEX_POINT('',#1098);
#1098 = CARTESIAN_POINT('',(0.65,0.625,0.465));
#1099 = LINE('',#1100,#1101);
#1100 = CARTESIAN_POINT('',(0.65,0.625,0.465));
#1101 = VECTOR('',#1102,1.);
#1102 = DIRECTION('',(0.,-1.,0.));
#1103 = ORIENTED_EDGE('',*,*,#1104,.F.);
#1104 = EDGE_CURVE('',#1057,#1097,#1105,.T.);
#1105 = LINE('',#1106,#1107);
#1106 = CARTESIAN_POINT('',(0.585,0.625,1.1));
#1107 = VECTOR('',#1108,1.);
#1108 = DIRECTION('',(0.101830105936,0.,-0.994801804142));
#1109 = PLANE('',#1110);
#1110 = AXIS2_PLACEMENT_3D('',#1111,#1112,#1113);
#1111 = CARTESIAN_POINT('',(0.585,0.625,1.1));
#1112 = DIRECTION('',(0.994801804142,0.,0.101830105936));
#1113 = DIRECTION('',(0.101830105936,0.,-0.994801804142));
#1114 = ADVANCED_FACE('',(#1115),#1140,.T.);
#1115 = FACE_BOUND('',#1116,.T.);
#1116 = EDGE_LOOP('',(#1117,#1125,#1133,#1139));
#1117 = ORIENTED_EDGE('',*,*,#1118,.F.);
#1118 = EDGE_CURVE('',#1119,#929,#1121,.T.);
#1119 = VERTEX_POINT('',#1120);
#1120 = CARTESIAN_POINT('',(-0.9125,0.625,0.465));
#1121 = LINE('',#1122,#1123);
#1122 = CARTESIAN_POINT('',(-0.965,0.625,0.465));
#1123 = VECTOR('',#1124,1.);
#1124 = DIRECTION('',(1.,0.,0.));
#1125 = ORIENTED_EDGE('',*,*,#1126,.F.);
#1126 = EDGE_CURVE('',#1127,#1119,#1129,.T.);
#1127 = VERTEX_POINT('',#1128);
#1128 = CARTESIAN_POINT('',(-0.9125,0.46875,0.465));
#1129 = LINE('',#1130,#1131);
#1130 = CARTESIAN_POINT('',(-0.9125,7.8125E-02,0.465));
#1131 = VECTOR('',#1132,1.);
#1132 = DIRECTION('',(0.,1.,0.));
#1133 = ORIENTED_EDGE('',*,*,#1134,.F.);
#1134 = EDGE_CURVE('',#931,#1127,#1135,.T.);
#1135 = LINE('',#1136,#1137);
#1136 = CARTESIAN_POINT('',(-0.93875,0.46875,0.465));
#1137 = VECTOR('',#1138,1.);
#1138 = DIRECTION('',(-1.,0.,0.));
#1139 = ORIENTED_EDGE('',*,*,#928,.F.);
#1140 = PLANE('',#1141);
#1141 = AXIS2_PLACEMENT_3D('',#1142,#1143,#1144);
#1142 = CARTESIAN_POINT('',(-0.965,-0.625,0.465));
#1143 = DIRECTION('',(0.,0.,1.));
#1144 = DIRECTION('',(1.,0.,-0.));
#1145 = ADVANCED_FACE('',(#1146),#1157,.T.);
#1146 = FACE_BOUND('',#1147,.T.);
#1147 = EDGE_LOOP('',(#1148,#1149,#1150,#1151));
#1148 = ORIENTED_EDGE('',*,*,#961,.T.);
#1149 = ORIENTED_EDGE('',*,*,#1064,.T.);
#1150 = ORIENTED_EDGE('',*,*,#1104,.T.);
#1151 = ORIENTED_EDGE('',*,*,#1152,.T.);
#1152 = EDGE_CURVE('',#1097,#929,#1153,.T.);
#1153 = LINE('',#1154,#1155);
#1154 = CARTESIAN_POINT('',(0.65,0.625,0.465));
#1155 = VECTOR('',#1156,1.);
#1156 = DIRECTION('',(-1.,0.,-4.270088556251E-17));
#1157 = PLANE('',#1158);
#1158 = AXIS2_PLACEMENT_3D('',#1159,#1160,#1161);
#1159 = CARTESIAN_POINT('',(1.481626402817E-17,0.625,0.771483451357));
#1160 = DIRECTION('',(-5.57234551408E-33,1.,3.18580557984E-32));
#1161 = DIRECTION('',(0.,-3.18580557984E-32,1.));
#1162 = ADVANCED_FACE('',(#1163),#1190,.T.);
#1163 = FACE_BOUND('',#1164,.T.);
#1164 = EDGE_LOOP('',(#1165,#1174,#1182,#1189));
#1165 = ORIENTED_EDGE('',*,*,#1166,.F.);
#1166 = EDGE_CURVE('',#1167,#931,#1169,.T.);
#1167 = VERTEX_POINT('',#1168);
#1168 = CARTESIAN_POINT('',(-0.685,0.46875,0.5));
#1169 = CIRCLE('',#1170,3.5E-02);
#1170 = AXIS2_PLACEMENT_3D('',#1171,#1172,#1173);
#1171 = CARTESIAN_POINT('',(-0.685,0.46875,0.465));
#1172 = DIRECTION('',(-0.,1.,0.));
#1173 = DIRECTION('',(1.,0.,0.));
#1174 = ORIENTED_EDGE('',*,*,#1175,.F.);
#1175 = EDGE_CURVE('',#1176,#1167,#1178,.T.);
#1176 = VERTEX_POINT('',#1177);
#1177 = CARTESIAN_POINT('',(-0.685,-0.46875,0.5));
#1178 = LINE('',#1179,#1180);
#1179 = CARTESIAN_POINT('',(-0.685,-0.625,0.5));
#1180 = VECTOR('',#1181,1.);
#1181 = DIRECTION('',(0.,1.,0.));
#1182 = ORIENTED_EDGE('',*,*,#1183,.T.);
#1183 = EDGE_CURVE('',#1176,#939,#1184,.T.);
#1184 = CIRCLE('',#1185,3.5E-02);
#1185 = AXIS2_PLACEMENT_3D('',#1186,#1187,#1188);
#1186 = CARTESIAN_POINT('',(-0.685,-0.46875,0.465));
#1187 = DIRECTION('',(-0.,1.,0.));
#1188 = DIRECTION('',(1.,0.,0.));
#1189 = ORIENTED_EDGE('',*,*,#938,.T.);
#1190 = CYLINDRICAL_SURFACE('',#1191,3.5E-02);
#1191 = AXIS2_PLACEMENT_3D('',#1192,#1193,#1194);
#1192 = CARTESIAN_POINT('',(-0.685,-0.625,0.465));
#1193 = DIRECTION('',(0.,1.,0.));
#1194 = DIRECTION('',(1.,0.,0.));
#1195 = ADVANCED_FACE('',(#1196),#1214,.T.);
#1196 = FACE_BOUND('',#1197,.T.);
#1197 = EDGE_LOOP('',(#1198,#1206,#1207,#1208));
#1198 = ORIENTED_EDGE('',*,*,#1199,.F.);
#1199 = EDGE_CURVE('',#994,#1200,#1202,.T.);
#1200 = VERTEX_POINT('',#1201);
#1201 = CARTESIAN_POINT('',(-0.9125,-0.46875,0.465));
#1202 = LINE('',#1203,#1204);
#1203 = CARTESIAN_POINT('',(-0.9125,-0.546875,0.465));
#1204 = VECTOR('',#1205,1.);
#1205 = DIRECTION('',(0.,1.,0.));
#1206 = ORIENTED_EDGE('',*,*,#1001,.T.);
#1207 = ORIENTED_EDGE('',*,*,#946,.F.);
#1208 = ORIENTED_EDGE('',*,*,#1209,.F.);
#1209 = EDGE_CURVE('',#1200,#939,#1210,.T.);
#1210 = LINE('',#1211,#1212);
#1211 = CARTESIAN_POINT('',(-2.625E-02,-0.46875,0.465));
#1212 = VECTOR('',#1213,1.);
#1213 = DIRECTION('',(1.,0.,0.));
#1214 = PLANE('',#1215);
#1215 = AXIS2_PLACEMENT_3D('',#1216,#1217,#1218);
#1216 = CARTESIAN_POINT('',(-0.965,-0.625,0.465));
#1217 = DIRECTION('',(0.,0.,1.));
#1218 = DIRECTION('',(1.,0.,-0.));
#1219 = ADVANCED_FACE('',(#1220),#1281,.F.);
#1220 = FACE_BOUND('',#1221,.F.);
#1221 = EDGE_LOOP('',(#1222,#1232,#1241,#1249,#1258,#1266,#1272,#1273,
    #1274,#1275));
#1222 = ORIENTED_EDGE('',*,*,#1223,.F.);
#1223 = EDGE_CURVE('',#1224,#1226,#1228,.T.);
#1224 = VERTEX_POINT('',#1225);
#1225 = CARTESIAN_POINT('',(-0.965,-0.625,-6.938893903907E-18));
#1226 = VERTEX_POINT('',#1227);
#1227 = CARTESIAN_POINT('',(-0.9125,-0.625,0.));
#1228 = LINE('',#1229,#1230);
#1229 = CARTESIAN_POINT('',(-1.,-0.625,0.));
#1230 = VECTOR('',#1231,1.);
#1231 = DIRECTION('',(1.,0.,0.));
#1232 = ORIENTED_EDGE('',*,*,#1233,.F.);
#1233 = EDGE_CURVE('',#1234,#1224,#1236,.T.);
#1234 = VERTEX_POINT('',#1235);
#1235 = CARTESIAN_POINT('',(-1.,-0.625,3.5E-02));
#1236 = CIRCLE('',#1237,3.5E-02);
#1237 = AXIS2_PLACEMENT_3D('',#1238,#1239,#1240);
#1238 = CARTESIAN_POINT('',(-0.965,-0.625,3.5E-02));
#1239 = DIRECTION('',(0.,-1.,0.));
#1240 = DIRECTION('',(0.,0.,1.));
#1241 = ORIENTED_EDGE('',*,*,#1242,.T.);
#1242 = EDGE_CURVE('',#1234,#1243,#1245,.T.);
#1243 = VERTEX_POINT('',#1244);
#1244 = CARTESIAN_POINT('',(-1.,-0.625,0.465));
#1245 = LINE('',#1246,#1247);
#1246 = CARTESIAN_POINT('',(-1.,-0.625,0.));
#1247 = VECTOR('',#1248,1.);
#1248 = DIRECTION('',(0.,0.,1.));
#1249 = ORIENTED_EDGE('',*,*,#1250,.T.);
#1250 = EDGE_CURVE('',#1243,#1251,#1253,.T.);
#1251 = VERTEX_POINT('',#1252);
#1252 = CARTESIAN_POINT('',(-0.965,-0.625,0.5));
#1253 = CIRCLE('',#1254,3.5E-02);
#1254 = AXIS2_PLACEMENT_3D('',#1255,#1256,#1257);
#1255 = CARTESIAN_POINT('',(-0.965,-0.625,0.465));
#1256 = DIRECTION('',(0.,1.,0.));
#1257 = DIRECTION('',(0.,-0.,1.));
#1258 = ORIENTED_EDGE('',*,*,#1259,.T.);
#1259 = EDGE_CURVE('',#1251,#1260,#1262,.T.);
#1260 = VERTEX_POINT('',#1261);
#1261 = CARTESIAN_POINT('',(-0.9125,-0.625,0.5));
#1262 = LINE('',#1263,#1264);
#1263 = CARTESIAN_POINT('',(-1.,-0.625,0.5));
#1264 = VECTOR('',#1265,1.);
#1265 = DIRECTION('',(1.,0.,0.));
#1266 = ORIENTED_EDGE('',*,*,#1267,.F.);
#1267 = EDGE_CURVE('',#994,#1260,#1268,.T.);
#1268 = LINE('',#1269,#1270);
#1269 = CARTESIAN_POINT('',(-0.9125,-0.625,0.375));
#1270 = VECTOR('',#1271,1.);
#1271 = DIRECTION('',(0.,0.,1.));
#1272 = ORIENTED_EDGE('',*,*,#993,.F.);
#1273 = ORIENTED_EDGE('',*,*,#985,.F.);
#1274 = ORIENTED_EDGE('',*,*,#975,.T.);
#1275 = ORIENTED_EDGE('',*,*,#1276,.F.);
#1276 = EDGE_CURVE('',#1226,#978,#1277,.T.);
#1277 = LINE('',#1278,#1279);
#1278 = CARTESIAN_POINT('',(-0.9125,-0.625,0.375));
#1279 = VECTOR('',#1280,1.);
#1280 = DIRECTION('',(0.,0.,1.));
#1281 = PLANE('',#1282);
#1282 = AXIS2_PLACEMENT_3D('',#1283,#1284,#1285);
#1283 = CARTESIAN_POINT('',(-1.,-0.625,0.));
#1284 = DIRECTION('',(0.,1.,0.));
#1285 = DIRECTION('',(0.,-0.,1.));
#1286 = ADVANCED_FACE('',(#1287,#1376),#1402,.F.);
#1287 = FACE_BOUND('',#1288,.F.);
#1288 = EDGE_LOOP('',(#1289,#1297,#1298,#1306,#1314,#1322,#1330,#1338,
    #1346,#1354,#1362,#1370));
#1289 = ORIENTED_EDGE('',*,*,#1290,.F.);
#1290 = EDGE_CURVE('',#978,#1291,#1293,.T.);
#1291 = VERTEX_POINT('',#1292);
#1292 = CARTESIAN_POINT('',(-0.9125,-0.46875,3.5E-02));
#1293 = LINE('',#1294,#1295);
#1294 = CARTESIAN_POINT('',(-0.9125,-0.546875,3.5E-02));
#1295 = VECTOR('',#1296,1.);
#1296 = DIRECTION('',(0.,1.,0.));
#1297 = ORIENTED_EDGE('',*,*,#1040,.T.);
#1298 = ORIENTED_EDGE('',*,*,#1299,.F.);
#1299 = EDGE_CURVE('',#1300,#1033,#1302,.T.);
#1300 = VERTEX_POINT('',#1301);
#1301 = CARTESIAN_POINT('',(0.9125,-0.46875,3.5E-02));
#1302 = LINE('',#1303,#1304);
#1303 = CARTESIAN_POINT('',(0.9125,-0.703125,3.5E-02));
#1304 = VECTOR('',#1305,1.);
#1305 = DIRECTION('',(0.,-1.,0.));
#1306 = ORIENTED_EDGE('',*,*,#1307,.F.);
#1307 = EDGE_CURVE('',#1308,#1300,#1310,.T.);
#1308 = VERTEX_POINT('',#1309);
#1309 = CARTESIAN_POINT('',(0.65,-0.46875,3.5E-02));
#1310 = LINE('',#1311,#1312);
#1311 = CARTESIAN_POINT('',(-2.625E-02,-0.46875,3.5E-02));
#1312 = VECTOR('',#1313,1.);
#1313 = DIRECTION('',(1.,0.,0.));
#1314 = ORIENTED_EDGE('',*,*,#1315,.T.);
#1315 = EDGE_CURVE('',#1308,#1316,#1318,.T.);
#1316 = VERTEX_POINT('',#1317);
#1317 = CARTESIAN_POINT('',(0.65,0.46875,3.5E-02));
#1318 = LINE('',#1319,#1320);
#1319 = CARTESIAN_POINT('',(0.65,-0.625,3.5E-02));
#1320 = VECTOR('',#1321,1.);
#1321 = DIRECTION('',(0.,1.,0.));
#1322 = ORIENTED_EDGE('',*,*,#1323,.F.);
#1323 = EDGE_CURVE('',#1324,#1316,#1326,.T.);
#1324 = VERTEX_POINT('',#1325);
#1325 = CARTESIAN_POINT('',(0.9125,0.46875,3.5E-02));
#1326 = LINE('',#1327,#1328);
#1327 = CARTESIAN_POINT('',(-0.93875,0.46875,3.5E-02));
#1328 = VECTOR('',#1329,1.);
#1329 = DIRECTION('',(-1.,0.,0.));
#1330 = ORIENTED_EDGE('',*,*,#1331,.F.);
#1331 = EDGE_CURVE('',#1332,#1324,#1334,.T.);
#1332 = VERTEX_POINT('',#1333);
#1333 = CARTESIAN_POINT('',(0.9125,0.625,3.5E-02));
#1334 = LINE('',#1335,#1336);
#1335 = CARTESIAN_POINT('',(0.9125,-7.8125E-02,3.5E-02));
#1336 = VECTOR('',#1337,1.);
#1337 = DIRECTION('',(0.,-1.,0.));
#1338 = ORIENTED_EDGE('',*,*,#1339,.F.);
#1339 = EDGE_CURVE('',#1340,#1332,#1342,.T.);
#1340 = VERTEX_POINT('',#1341);
#1341 = CARTESIAN_POINT('',(-0.9125,0.625,3.5E-02));
#1342 = LINE('',#1343,#1344);
#1343 = CARTESIAN_POINT('',(-0.965,0.625,3.5E-02));
#1344 = VECTOR('',#1345,1.);
#1345 = DIRECTION('',(1.,0.,0.));
#1346 = ORIENTED_EDGE('',*,*,#1347,.F.);
#1347 = EDGE_CURVE('',#1348,#1340,#1350,.T.);
#1348 = VERTEX_POINT('',#1349);
#1349 = CARTESIAN_POINT('',(-0.9125,0.46875,3.5E-02));
#1350 = LINE('',#1351,#1352);
#1351 = CARTESIAN_POINT('',(-0.9125,7.8125E-02,3.5E-02));
#1352 = VECTOR('',#1353,1.);
#1353 = DIRECTION('',(0.,1.,0.));
#1354 = ORIENTED_EDGE('',*,*,#1355,.F.);
#1355 = EDGE_CURVE('',#1356,#1348,#1358,.T.);
#1356 = VERTEX_POINT('',#1357);
#1357 = CARTESIAN_POINT('',(-0.65,0.46875,3.5E-02));
#1358 = LINE('',#1359,#1360);
#1359 = CARTESIAN_POINT('',(-0.93875,0.46875,3.5E-02));
#1360 = VECTOR('',#1361,1.);
#1361 = DIRECTION('',(-1.,0.,0.));
#1362 = ORIENTED_EDGE('',*,*,#1363,.F.);
#1363 = EDGE_CURVE('',#1364,#1356,#1366,.T.);
#1364 = VERTEX_POINT('',#1365);
#1365 = CARTESIAN_POINT('',(-0.65,-0.46875,3.5E-02));
#1366 = LINE('',#1367,#1368);
#1367 = CARTESIAN_POINT('',(-0.65,-0.625,3.5E-02));
#1368 = VECTOR('',#1369,1.);
#1369 = DIRECTION('',(0.,1.,0.));
#1370 = ORIENTED_EDGE('',*,*,#1371,.F.);
#1371 = EDGE_CURVE('',#1291,#1364,#1372,.T.);
#1372 = LINE('',#1373,#1374);
#1373 = CARTESIAN_POINT('',(-2.625E-02,-0.46875,3.5E-02));
#1374 = VECTOR('',#1375,1.);
#1375 = DIRECTION('',(1.,0.,0.));
#1376 = FACE_BOUND('',#1377,.F.);
#1377 = EDGE_LOOP('',(#1378,#1388,#1396));
#1378 = ORIENTED_EDGE('',*,*,#1379,.T.);
#1379 = EDGE_CURVE('',#1380,#1382,#1384,.T.);
#1380 = VERTEX_POINT('',#1381);
#1381 = CARTESIAN_POINT('',(0.433012701892,0.5,3.5E-02));
#1382 = VERTEX_POINT('',#1383);
#1383 = CARTESIAN_POINT('',(0.433012701892,-0.5,3.5E-02));
#1384 = LINE('',#1385,#1386);
#1385 = CARTESIAN_POINT('',(0.433012701892,0.5,3.5E-02));
#1386 = VECTOR('',#1387,1.);
#1387 = DIRECTION('',(0.,-1.,0.));
#1388 = ORIENTED_EDGE('',*,*,#1389,.T.);
#1389 = EDGE_CURVE('',#1382,#1390,#1392,.T.);
#1390 = VERTEX_POINT('',#1391);
#1391 = CARTESIAN_POINT('',(-0.433012701892,0.,3.5E-02));
#1392 = LINE('',#1393,#1394);
#1393 = CARTESIAN_POINT('',(0.433012701892,-0.5,3.5E-02));
#1394 = VECTOR('',#1395,1.);
#1395 = DIRECTION('',(-0.866025403784,0.5,0.));
#1396 = ORIENTED_EDGE('',*,*,#1397,.T.);
#1397 = EDGE_CURVE('',#1390,#1380,#1398,.T.);
#1398 = LINE('',#1399,#1400);
#1399 = CARTESIAN_POINT('',(-0.433012701892,0.,3.5E-02));
#1400 = VECTOR('',#1401,1.);
#1401 = DIRECTION('',(0.866025403784,0.5,0.));
#1402 = PLANE('',#1403);
#1403 = AXIS2_PLACEMENT_3D('',#1404,#1405,#1406);
#1404 = CARTESIAN_POINT('',(-0.965,-0.625,3.5E-02));
#1405 = DIRECTION('',(0.,0.,1.));
#1406 = DIRECTION('',(1.,0.,-0.));
#1407 = ADVANCED_FACE('',(#1408),#1469,.F.);
#1408 = FACE_BOUND('',#1409,.F.);
#1409 = EDGE_LOOP('',(#1410,#1420,#1426,#1427,#1428,#1429,#1437,#1445,
    #1454,#1462));
#1410 = ORIENTED_EDGE('',*,*,#1411,.F.);
#1411 = EDGE_CURVE('',#1412,#1414,#1416,.T.);
#1412 = VERTEX_POINT('',#1413);
#1413 = CARTESIAN_POINT('',(0.9125,-0.625,0.));
#1414 = VERTEX_POINT('',#1415);
#1415 = CARTESIAN_POINT('',(0.965,-0.625,-6.938893903907E-18));
#1416 = LINE('',#1417,#1418);
#1417 = CARTESIAN_POINT('',(0.65,-0.625,0.));
#1418 = VECTOR('',#1419,1.);
#1419 = DIRECTION('',(1.,0.,0.));
#1420 = ORIENTED_EDGE('',*,*,#1421,.F.);
#1421 = EDGE_CURVE('',#1033,#1412,#1422,.T.);
#1422 = LINE('',#1423,#1424);
#1423 = CARTESIAN_POINT('',(0.9125,-0.625,0.375));
#1424 = VECTOR('',#1425,1.);
#1425 = DIRECTION('',(0.,0.,-1.));
#1426 = ORIENTED_EDGE('',*,*,#1032,.T.);
#1427 = ORIENTED_EDGE('',*,*,#1024,.T.);
#1428 = ORIENTED_EDGE('',*,*,#1016,.F.);
#1429 = ORIENTED_EDGE('',*,*,#1430,.F.);
#1430 = EDGE_CURVE('',#1431,#1009,#1433,.T.);
#1431 = VERTEX_POINT('',#1432);
#1432 = CARTESIAN_POINT('',(0.9125,-0.625,0.5));
#1433 = LINE('',#1434,#1435);
#1434 = CARTESIAN_POINT('',(0.9125,-0.625,0.375));
#1435 = VECTOR('',#1436,1.);
#1436 = DIRECTION('',(0.,0.,-1.));
#1437 = ORIENTED_EDGE('',*,*,#1438,.T.);
#1438 = EDGE_CURVE('',#1431,#1439,#1441,.T.);
#1439 = VERTEX_POINT('',#1440);
#1440 = CARTESIAN_POINT('',(0.965,-0.625,0.5));
#1441 = LINE('',#1442,#1443);
#1442 = CARTESIAN_POINT('',(0.65,-0.625,0.5));
#1443 = VECTOR('',#1444,1.);
#1444 = DIRECTION('',(1.,0.,0.));
#1445 = ORIENTED_EDGE('',*,*,#1446,.F.);
#1446 = EDGE_CURVE('',#1447,#1439,#1449,.T.);
#1447 = VERTEX_POINT('',#1448);
#1448 = CARTESIAN_POINT('',(1.,-0.625,0.465));
#1449 = CIRCLE('',#1450,3.5E-02);
#1450 = AXIS2_PLACEMENT_3D('',#1451,#1452,#1453);
#1451 = CARTESIAN_POINT('',(0.965,-0.625,0.465));
#1452 = DIRECTION('',(0.,-1.,0.));
#1453 = DIRECTION('',(0.,0.,1.));
#1454 = ORIENTED_EDGE('',*,*,#1455,.F.);
#1455 = EDGE_CURVE('',#1456,#1447,#1458,.T.);
#1456 = VERTEX_POINT('',#1457);
#1457 = CARTESIAN_POINT('',(1.,-0.625,3.5E-02));
#1458 = LINE('',#1459,#1460);
#1459 = CARTESIAN_POINT('',(1.,-0.625,0.));
#1460 = VECTOR('',#1461,1.);
#1461 = DIRECTION('',(0.,0.,1.));
#1462 = ORIENTED_EDGE('',*,*,#1463,.T.);
#1463 = EDGE_CURVE('',#1456,#1414,#1464,.T.);
#1464 = CIRCLE('',#1465,3.5E-02);
#1465 = AXIS2_PLACEMENT_3D('',#1466,#1467,#1468);
#1466 = CARTESIAN_POINT('',(0.965,-0.625,3.5E-02));
#1467 = DIRECTION('',(0.,1.,0.));
#1468 = DIRECTION('',(0.,-0.,1.));
#1469 = PLANE('',#1470);
#1470 = AXIS2_PLACEMENT_3D('',#1471,#1472,#1473);
#1471 = CARTESIAN_POINT('',(0.65,-0.625,0.));
#1472 = DIRECTION('',(0.,1.,0.));
#1473 = DIRECTION('',(0.,-0.,1.));
#1474 = ADVANCED_FACE('',(#1475),#1493,.T.);
#1475 = FACE_BOUND('',#1476,.T.);
#1476 = EDGE_LOOP('',(#1477,#1485,#1486,#1487));
#1477 = ORIENTED_EDGE('',*,*,#1478,.F.);
#1478 = EDGE_CURVE('',#1081,#1479,#1481,.T.);
#1479 = VERTEX_POINT('',#1480);
#1480 = CARTESIAN_POINT('',(0.9125,-0.46875,0.465));
#1481 = LINE('',#1482,#1483);
#1482 = CARTESIAN_POINT('',(-2.625E-02,-0.46875,0.465));
#1483 = VECTOR('',#1484,1.);
#1484 = DIRECTION('',(1.,0.,0.));
#1485 = ORIENTED_EDGE('',*,*,#1080,.T.);
#1486 = ORIENTED_EDGE('',*,*,#1008,.T.);
#1487 = ORIENTED_EDGE('',*,*,#1488,.F.);
#1488 = EDGE_CURVE('',#1479,#1009,#1489,.T.);
#1489 = LINE('',#1490,#1491);
#1490 = CARTESIAN_POINT('',(0.9125,-0.703125,0.465));
#1491 = VECTOR('',#1492,1.);
#1492 = DIRECTION('',(0.,-1.,0.));
#1493 = PLANE('',#1494);
#1494 = AXIS2_PLACEMENT_3D('',#1495,#1496,#1497);
#1495 = CARTESIAN_POINT('',(-0.965,-0.625,0.465));
#1496 = DIRECTION('',(0.,0.,1.));
#1497 = DIRECTION('',(1.,0.,-0.));
#1498 = ADVANCED_FACE('',(#1499),#1524,.T.);
#1499 = FACE_BOUND('',#1500,.T.);
#1500 = EDGE_LOOP('',(#1501,#1509,#1510,#1518));
#1501 = ORIENTED_EDGE('',*,*,#1502,.F.);
#1502 = EDGE_CURVE('',#1097,#1503,#1505,.T.);
#1503 = VERTEX_POINT('',#1504);
#1504 = CARTESIAN_POINT('',(0.9125,0.625,0.465));
#1505 = LINE('',#1506,#1507);
#1506 = CARTESIAN_POINT('',(-0.965,0.625,0.465));
#1507 = VECTOR('',#1508,1.);
#1508 = DIRECTION('',(1.,0.,0.));
#1509 = ORIENTED_EDGE('',*,*,#1096,.T.);
#1510 = ORIENTED_EDGE('',*,*,#1511,.F.);
#1511 = EDGE_CURVE('',#1512,#1089,#1514,.T.);
#1512 = VERTEX_POINT('',#1513);
#1513 = CARTESIAN_POINT('',(0.9125,0.46875,0.465));
#1514 = LINE('',#1515,#1516);
#1515 = CARTESIAN_POINT('',(-0.93875,0.46875,0.465));
#1516 = VECTOR('',#1517,1.);
#1517 = DIRECTION('',(-1.,0.,0.));
#1518 = ORIENTED_EDGE('',*,*,#1519,.F.);
#1519 = EDGE_CURVE('',#1503,#1512,#1520,.T.);
#1520 = LINE('',#1521,#1522);
#1521 = CARTESIAN_POINT('',(0.9125,-7.8125E-02,0.465));
#1522 = VECTOR('',#1523,1.);
#1523 = DIRECTION('',(0.,-1.,0.));
#1524 = PLANE('',#1525);
#1525 = AXIS2_PLACEMENT_3D('',#1526,#1527,#1528);
#1526 = CARTESIAN_POINT('',(-0.965,-0.625,0.465));
#1527 = DIRECTION('',(0.,0.,1.));
#1528 = DIRECTION('',(1.,0.,-0.));
#1529 = ADVANCED_FACE('',(#1530),#1557,.T.);
#1530 = FACE_BOUND('',#1531,.T.);
#1531 = EDGE_LOOP('',(#1532,#1533,#1542,#1550));
#1532 = ORIENTED_EDGE('',*,*,#1088,.T.);
#1533 = ORIENTED_EDGE('',*,*,#1534,.T.);
#1534 = EDGE_CURVE('',#1081,#1535,#1537,.T.);
#1535 = VERTEX_POINT('',#1536);
#1536 = CARTESIAN_POINT('',(0.685,-0.46875,0.5));
#1537 = CIRCLE('',#1538,3.5E-02);
#1538 = AXIS2_PLACEMENT_3D('',#1539,#1540,#1541);
#1539 = CARTESIAN_POINT('',(0.685,-0.46875,0.465));
#1540 = DIRECTION('',(0.,1.,-0.));
#1541 = DIRECTION('',(-1.,0.,0.));
#1542 = ORIENTED_EDGE('',*,*,#1543,.T.);
#1543 = EDGE_CURVE('',#1535,#1544,#1546,.T.);
#1544 = VERTEX_POINT('',#1545);
#1545 = CARTESIAN_POINT('',(0.685,0.46875,0.5));
#1546 = LINE('',#1547,#1548);
#1547 = CARTESIAN_POINT('',(0.685,-0.625,0.5));
#1548 = VECTOR('',#1549,1.);
#1549 = DIRECTION('',(0.,1.,0.));
#1550 = ORIENTED_EDGE('',*,*,#1551,.F.);
#1551 = EDGE_CURVE('',#1089,#1544,#1552,.T.);
#1552 = CIRCLE('',#1553,3.5E-02);
#1553 = AXIS2_PLACEMENT_3D('',#1554,#1555,#1556);
#1554 = CARTESIAN_POINT('',(0.685,0.46875,0.465));
#1555 = DIRECTION('',(0.,1.,-0.));
#1556 = DIRECTION('',(-1.,0.,0.));
#1557 = CYLINDRICAL_SURFACE('',#1558,3.5E-02);
#1558 = AXIS2_PLACEMENT_3D('',#1559,#1560,#1561);
#1559 = CARTESIAN_POINT('',(0.685,-0.625,0.465));
#1560 = DIRECTION('',(0.,1.,0.));
#1561 = DIRECTION('',(-1.,0.,0.));
#1562 = ADVANCED_FACE('',(#1563),#1613,.T.);
#1563 = FACE_BOUND('',#1564,.T.);
#1564 = EDGE_LOOP('',(#1565,#1573,#1581,#1587,#1588,#1589,#1590,#1598,
    #1606,#1612));
#1565 = ORIENTED_EDGE('',*,*,#1566,.F.);
#1566 = EDGE_CURVE('',#1567,#1340,#1569,.T.);
#1567 = VERTEX_POINT('',#1568);
#1568 = CARTESIAN_POINT('',(-0.965,0.625,3.5E-02));
#1569 = LINE('',#1570,#1571);
#1570 = CARTESIAN_POINT('',(-0.965,0.625,3.5E-02));
#1571 = VECTOR('',#1572,1.);
#1572 = DIRECTION('',(1.,0.,0.));
#1573 = ORIENTED_EDGE('',*,*,#1574,.T.);
#1574 = EDGE_CURVE('',#1567,#1575,#1577,.T.);
#1575 = VERTEX_POINT('',#1576);
#1576 = CARTESIAN_POINT('',(-0.965,0.625,0.465));
#1577 = LINE('',#1578,#1579);
#1578 = CARTESIAN_POINT('',(-0.965,0.625,3.5E-02));
#1579 = VECTOR('',#1580,1.);
#1580 = DIRECTION('',(0.,0.,1.));
#1581 = ORIENTED_EDGE('',*,*,#1582,.T.);
#1582 = EDGE_CURVE('',#1575,#1119,#1583,.T.);
#1583 = LINE('',#1584,#1585);
#1584 = CARTESIAN_POINT('',(-0.965,0.625,0.465));
#1585 = VECTOR('',#1586,1.);
#1586 = DIRECTION('',(1.,0.,0.));
#1587 = ORIENTED_EDGE('',*,*,#1118,.T.);
#1588 = ORIENTED_EDGE('',*,*,#1152,.F.);
#1589 = ORIENTED_EDGE('',*,*,#1502,.T.);
#1590 = ORIENTED_EDGE('',*,*,#1591,.T.);
#1591 = EDGE_CURVE('',#1503,#1592,#1594,.T.);
#1592 = VERTEX_POINT('',#1593);
#1593 = CARTESIAN_POINT('',(0.965,0.625,0.465));
#1594 = LINE('',#1595,#1596);
#1595 = CARTESIAN_POINT('',(-0.965,0.625,0.465));
#1596 = VECTOR('',#1597,1.);
#1597 = DIRECTION('',(1.,0.,0.));
#1598 = ORIENTED_EDGE('',*,*,#1599,.F.);
#1599 = EDGE_CURVE('',#1600,#1592,#1602,.T.);
#1600 = VERTEX_POINT('',#1601);
#1601 = CARTESIAN_POINT('',(0.965,0.625,3.5E-02));
#1602 = LINE('',#1603,#1604);
#1603 = CARTESIAN_POINT('',(0.965,0.625,3.5E-02));
#1604 = VECTOR('',#1605,1.);
#1605 = DIRECTION('',(0.,0.,1.));
#1606 = ORIENTED_EDGE('',*,*,#1607,.F.);
#1607 = EDGE_CURVE('',#1332,#1600,#1608,.T.);
#1608 = LINE('',#1609,#1610);
#1609 = CARTESIAN_POINT('',(-0.965,0.625,3.5E-02));
#1610 = VECTOR('',#1611,1.);
#1611 = DIRECTION('',(1.,0.,0.));
#1612 = ORIENTED_EDGE('',*,*,#1339,.F.);
#1613 = PLANE('',#1614);
#1614 = AXIS2_PLACEMENT_3D('',#1615,#1616,#1617);
#1615 = CARTESIAN_POINT('',(-0.965,0.625,3.5E-02));
#1616 = DIRECTION('',(0.,1.,0.));
#1617 = DIRECTION('',(0.,-0.,1.));
#1618 = ADVANCED_FACE('',(#1619),#1637,.F.);
#1619 = FACE_BOUND('',#1620,.F.);
#1620 = EDGE_LOOP('',(#1621,#1629,#1635,#1636));
#1621 = ORIENTED_EDGE('',*,*,#1622,.F.);
#1622 = EDGE_CURVE('',#1623,#1167,#1625,.T.);
#1623 = VERTEX_POINT('',#1624);
#1624 = CARTESIAN_POINT('',(-0.9125,0.46875,0.5));
#1625 = LINE('',#1626,#1627);
#1626 = CARTESIAN_POINT('',(-0.95625,0.46875,0.5));
#1627 = VECTOR('',#1628,1.);
#1628 = DIRECTION('',(1.,0.,0.));
#1629 = ORIENTED_EDGE('',*,*,#1630,.T.);
#1630 = EDGE_CURVE('',#1623,#1127,#1631,.T.);
#1631 = LINE('',#1632,#1633);
#1632 = CARTESIAN_POINT('',(-0.9125,0.46875,0.75));
#1633 = VECTOR('',#1634,1.);
#1634 = DIRECTION('',(-0.,-0.,-1.));
#1635 = ORIENTED_EDGE('',*,*,#1134,.F.);
#1636 = ORIENTED_EDGE('',*,*,#1166,.F.);
#1637 = PLANE('',#1638);
#1638 = AXIS2_PLACEMENT_3D('',#1639,#1640,#1641);
#1639 = CARTESIAN_POINT('',(-0.9125,0.46875,0.75));
#1640 = DIRECTION('',(0.,-1.,0.));
#1641 = DIRECTION('',(1.,0.,0.));
#1642 = ADVANCED_FACE('',(#1643),#1661,.F.);
#1643 = FACE_BOUND('',#1644,.F.);
#1644 = EDGE_LOOP('',(#1645,#1646,#1654,#1660));
#1645 = ORIENTED_EDGE('',*,*,#1630,.F.);
#1646 = ORIENTED_EDGE('',*,*,#1647,.F.);
#1647 = EDGE_CURVE('',#1648,#1623,#1650,.T.);
#1648 = VERTEX_POINT('',#1649);
#1649 = CARTESIAN_POINT('',(-0.9125,0.625,0.5));
#1650 = LINE('',#1651,#1652);
#1651 = CARTESIAN_POINT('',(-0.9125,7.8125E-02,0.5));
#1652 = VECTOR('',#1653,1.);
#1653 = DIRECTION('',(0.,-1.,0.));
#1654 = ORIENTED_EDGE('',*,*,#1655,.F.);
#1655 = EDGE_CURVE('',#1119,#1648,#1656,.T.);
#1656 = LINE('',#1657,#1658);
#1657 = CARTESIAN_POINT('',(-0.9125,0.625,0.375));
#1658 = VECTOR('',#1659,1.);
#1659 = DIRECTION('',(0.,0.,1.));
#1660 = ORIENTED_EDGE('',*,*,#1126,.F.);
#1661 = PLANE('',#1662);
#1662 = AXIS2_PLACEMENT_3D('',#1663,#1664,#1665);
#1663 = CARTESIAN_POINT('',(-0.9125,0.78125,0.75));
#1664 = DIRECTION('',(-1.,0.,0.));
#1665 = DIRECTION('',(0.,-1.,0.));
#1666 = ADVANCED_FACE('',(#1667),#1685,.F.);
#1667 = FACE_BOUND('',#1668,.F.);
#1668 = EDGE_LOOP('',(#1669,#1677,#1683,#1684));
#1669 = ORIENTED_EDGE('',*,*,#1670,.F.);
#1670 = EDGE_CURVE('',#1671,#1200,#1673,.T.);
#1671 = VERTEX_POINT('',#1672);
#1672 = CARTESIAN_POINT('',(-0.9125,-0.46875,0.5));
#1673 = LINE('',#1674,#1675);
#1674 = CARTESIAN_POINT('',(-0.9125,-0.46875,0.75));
#1675 = VECTOR('',#1676,1.);
#1676 = DIRECTION('',(-0.,-0.,-1.));
#1677 = ORIENTED_EDGE('',*,*,#1678,.F.);
#1678 = EDGE_CURVE('',#1176,#1671,#1679,.T.);
#1679 = LINE('',#1680,#1681);
#1680 = CARTESIAN_POINT('',(-4.375E-02,-0.46875,0.5));
#1681 = VECTOR('',#1682,1.);
#1682 = DIRECTION('',(-1.,0.,0.));
#1683 = ORIENTED_EDGE('',*,*,#1183,.T.);
#1684 = ORIENTED_EDGE('',*,*,#1209,.F.);
#1685 = PLANE('',#1686);
#1686 = AXIS2_PLACEMENT_3D('',#1687,#1688,#1689);
#1687 = CARTESIAN_POINT('',(0.9125,-0.46875,0.75));
#1688 = DIRECTION('',(0.,1.,0.));
#1689 = DIRECTION('',(-1.,0.,0.));
#1690 = ADVANCED_FACE('',(#1691),#1718,.T.);
#1691 = FACE_BOUND('',#1692,.T.);
#1692 = EDGE_LOOP('',(#1693,#1701,#1707,#1708,#1714,#1715,#1716,#1717));
#1693 = ORIENTED_EDGE('',*,*,#1694,.F.);
#1694 = EDGE_CURVE('',#1695,#1648,#1697,.T.);
#1695 = VERTEX_POINT('',#1696);
#1696 = CARTESIAN_POINT('',(-0.965,0.625,0.5));
#1697 = LINE('',#1698,#1699);
#1698 = CARTESIAN_POINT('',(-1.,0.625,0.5));
#1699 = VECTOR('',#1700,1.);
#1700 = DIRECTION('',(1.,0.,0.));
#1701 = ORIENTED_EDGE('',*,*,#1702,.F.);
#1702 = EDGE_CURVE('',#1251,#1695,#1703,.T.);
#1703 = LINE('',#1704,#1705);
#1704 = CARTESIAN_POINT('',(-0.965,-0.625,0.5));
#1705 = VECTOR('',#1706,1.);
#1706 = DIRECTION('',(0.,1.,0.));
#1707 = ORIENTED_EDGE('',*,*,#1259,.T.);
#1708 = ORIENTED_EDGE('',*,*,#1709,.F.);
#1709 = EDGE_CURVE('',#1671,#1260,#1710,.T.);
#1710 = LINE('',#1711,#1712);
#1711 = CARTESIAN_POINT('',(-0.9125,-0.546875,0.5));
#1712 = VECTOR('',#1713,1.);
#1713 = DIRECTION('',(0.,-1.,0.));
#1714 = ORIENTED_EDGE('',*,*,#1678,.F.);
#1715 = ORIENTED_EDGE('',*,*,#1175,.T.);
#1716 = ORIENTED_EDGE('',*,*,#1622,.F.);
#1717 = ORIENTED_EDGE('',*,*,#1647,.F.);
#1718 = PLANE('',#1719);
#1719 = AXIS2_PLACEMENT_3D('',#1720,#1721,#1722);
#1720 = CARTESIAN_POINT('',(-1.,-0.625,0.5));
#1721 = DIRECTION('',(0.,0.,1.));
#1722 = DIRECTION('',(1.,0.,-0.));
#1723 = ADVANCED_FACE('',(#1724),#1730,.F.);
#1724 = FACE_BOUND('',#1725,.F.);
#1725 = EDGE_LOOP('',(#1726,#1727,#1728,#1729));
#1726 = ORIENTED_EDGE('',*,*,#1709,.F.);
#1727 = ORIENTED_EDGE('',*,*,#1670,.T.);
#1728 = ORIENTED_EDGE('',*,*,#1199,.F.);
#1729 = ORIENTED_EDGE('',*,*,#1267,.T.);
#1730 = PLANE('',#1731);
#1731 = AXIS2_PLACEMENT_3D('',#1732,#1733,#1734);
#1732 = CARTESIAN_POINT('',(-0.9125,-0.46875,0.75));
#1733 = DIRECTION('',(-1.,0.,0.));
#1734 = DIRECTION('',(0.,-1.,0.));
#1735 = ADVANCED_FACE('',(#1736),#1793,.F.);
#1736 = FACE_BOUND('',#1737,.F.);
#1737 = EDGE_LOOP('',(#1738,#1748,#1754,#1755,#1763,#1771,#1779,#1787));
#1738 = ORIENTED_EDGE('',*,*,#1739,.F.);
#1739 = EDGE_CURVE('',#1740,#1742,#1744,.T.);
#1740 = VERTEX_POINT('',#1741);
#1741 = CARTESIAN_POINT('',(-0.965,0.625,-6.938893903907E-18));
#1742 = VERTEX_POINT('',#1743);
#1743 = CARTESIAN_POINT('',(-0.9125,0.625,0.));
#1744 = LINE('',#1745,#1746);
#1745 = CARTESIAN_POINT('',(-1.,0.625,0.));
#1746 = VECTOR('',#1747,1.);
#1747 = DIRECTION('',(1.,0.,0.));
#1748 = ORIENTED_EDGE('',*,*,#1749,.F.);
#1749 = EDGE_CURVE('',#1224,#1740,#1750,.T.);
#1750 = LINE('',#1751,#1752);
#1751 = CARTESIAN_POINT('',(-0.965,-0.625,-6.938893903907E-18));
#1752 = VECTOR('',#1753,1.);
#1753 = DIRECTION('',(0.,1.,0.));
#1754 = ORIENTED_EDGE('',*,*,#1223,.T.);
#1755 = ORIENTED_EDGE('',*,*,#1756,.F.);
#1756 = EDGE_CURVE('',#1757,#1226,#1759,.T.);
#1757 = VERTEX_POINT('',#1758);
#1758 = CARTESIAN_POINT('',(-0.9125,-0.46875,0.));
#1759 = LINE('',#1760,#1761);
#1760 = CARTESIAN_POINT('',(-0.9125,-0.546875,0.));
#1761 = VECTOR('',#1762,1.);
#1762 = DIRECTION('',(0.,-1.,0.));
#1763 = ORIENTED_EDGE('',*,*,#1764,.F.);
#1764 = EDGE_CURVE('',#1765,#1757,#1767,.T.);
#1765 = VERTEX_POINT('',#1766);
#1766 = CARTESIAN_POINT('',(-0.685,-0.46875,-6.938893903907E-18));
#1767 = LINE('',#1768,#1769);
#1768 = CARTESIAN_POINT('',(-4.375E-02,-0.46875,0.));
#1769 = VECTOR('',#1770,1.);
#1770 = DIRECTION('',(-1.,0.,0.));
#1771 = ORIENTED_EDGE('',*,*,#1772,.T.);
#1772 = EDGE_CURVE('',#1765,#1773,#1775,.T.);
#1773 = VERTEX_POINT('',#1774);
#1774 = CARTESIAN_POINT('',(-0.685,0.46875,-6.938893903907E-18));
#1775 = LINE('',#1776,#1777);
#1776 = CARTESIAN_POINT('',(-0.685,-0.625,-6.938893903907E-18));
#1777 = VECTOR('',#1778,1.);
#1778 = DIRECTION('',(0.,1.,0.));
#1779 = ORIENTED_EDGE('',*,*,#1780,.F.);
#1780 = EDGE_CURVE('',#1781,#1773,#1783,.T.);
#1781 = VERTEX_POINT('',#1782);
#1782 = CARTESIAN_POINT('',(-0.9125,0.46875,0.));
#1783 = LINE('',#1784,#1785);
#1784 = CARTESIAN_POINT('',(-0.95625,0.46875,0.));
#1785 = VECTOR('',#1786,1.);
#1786 = DIRECTION('',(1.,0.,0.));
#1787 = ORIENTED_EDGE('',*,*,#1788,.F.);
#1788 = EDGE_CURVE('',#1742,#1781,#1789,.T.);
#1789 = LINE('',#1790,#1791);
#1790 = CARTESIAN_POINT('',(-0.9125,7.8125E-02,0.));
#1791 = VECTOR('',#1792,1.);
#1792 = DIRECTION('',(0.,-1.,0.));
#1793 = PLANE('',#1794);
#1794 = AXIS2_PLACEMENT_3D('',#1795,#1796,#1797);
#1795 = CARTESIAN_POINT('',(-1.,-0.625,0.));
#1796 = DIRECTION('',(0.,0.,1.));
#1797 = DIRECTION('',(1.,0.,-0.));
#1798 = ADVANCED_FACE('',(#1799),#1818,.T.);
#1799 = FACE_BOUND('',#1800,.T.);
#1800 = EDGE_LOOP('',(#1801,#1809,#1816,#1817));
#1801 = ORIENTED_EDGE('',*,*,#1802,.T.);
#1802 = EDGE_CURVE('',#1234,#1803,#1805,.T.);
#1803 = VERTEX_POINT('',#1804);
#1804 = CARTESIAN_POINT('',(-1.,0.625,3.5E-02));
#1805 = LINE('',#1806,#1807);
#1806 = CARTESIAN_POINT('',(-1.,-0.625,3.5E-02));
#1807 = VECTOR('',#1808,1.);
#1808 = DIRECTION('',(0.,1.,0.));
#1809 = ORIENTED_EDGE('',*,*,#1810,.T.);
#1810 = EDGE_CURVE('',#1803,#1740,#1811,.T.);
#1811 = CIRCLE('',#1812,3.5E-02);
#1812 = AXIS2_PLACEMENT_3D('',#1813,#1814,#1815);
#1813 = CARTESIAN_POINT('',(-0.965,0.625,3.5E-02));
#1814 = DIRECTION('',(0.,-1.,0.));
#1815 = DIRECTION('',(0.,0.,1.));
#1816 = ORIENTED_EDGE('',*,*,#1749,.F.);
#1817 = ORIENTED_EDGE('',*,*,#1233,.F.);
#1818 = CYLINDRICAL_SURFACE('',#1819,3.5E-02);
#1819 = AXIS2_PLACEMENT_3D('',#1820,#1821,#1822);
#1820 = CARTESIAN_POINT('',(-0.965,-0.625,3.5E-02));
#1821 = DIRECTION('',(0.,1.,0.));
#1822 = DIRECTION('',(-1.,0.,0.));
#1823 = ADVANCED_FACE('',(#1824),#1835,.F.);
#1824 = FACE_BOUND('',#1825,.F.);
#1825 = EDGE_LOOP('',(#1826,#1827,#1833,#1834));
#1826 = ORIENTED_EDGE('',*,*,#1290,.T.);
#1827 = ORIENTED_EDGE('',*,*,#1828,.T.);
#1828 = EDGE_CURVE('',#1291,#1757,#1829,.T.);
#1829 = LINE('',#1830,#1831);
#1830 = CARTESIAN_POINT('',(-0.9125,-0.46875,0.75));
#1831 = VECTOR('',#1832,1.);
#1832 = DIRECTION('',(-0.,-0.,-1.));
#1833 = ORIENTED_EDGE('',*,*,#1756,.T.);
#1834 = ORIENTED_EDGE('',*,*,#1276,.T.);
#1835 = PLANE('',#1836);
#1836 = AXIS2_PLACEMENT_3D('',#1837,#1838,#1839);
#1837 = CARTESIAN_POINT('',(-0.9125,-0.46875,0.75));
#1838 = DIRECTION('',(-1.,0.,0.));
#1839 = DIRECTION('',(0.,-1.,0.));
#1840 = ADVANCED_FACE('',(#1841),#1859,.F.);
#1841 = FACE_BOUND('',#1842,.F.);
#1842 = EDGE_LOOP('',(#1843,#1844,#1845,#1853));
#1843 = ORIENTED_EDGE('',*,*,#1242,.F.);
#1844 = ORIENTED_EDGE('',*,*,#1802,.T.);
#1845 = ORIENTED_EDGE('',*,*,#1846,.T.);
#1846 = EDGE_CURVE('',#1803,#1847,#1849,.T.);
#1847 = VERTEX_POINT('',#1848);
#1848 = CARTESIAN_POINT('',(-1.,0.625,0.465));
#1849 = LINE('',#1850,#1851);
#1850 = CARTESIAN_POINT('',(-1.,0.625,0.));
#1851 = VECTOR('',#1852,1.);
#1852 = DIRECTION('',(0.,0.,1.));
#1853 = ORIENTED_EDGE('',*,*,#1854,.F.);
#1854 = EDGE_CURVE('',#1243,#1847,#1855,.T.);
#1855 = LINE('',#1856,#1857);
#1856 = CARTESIAN_POINT('',(-1.,-0.625,0.465));
#1857 = VECTOR('',#1858,1.);
#1858 = DIRECTION('',(0.,1.,0.));
#1859 = PLANE('',#1860);
#1860 = AXIS2_PLACEMENT_3D('',#1861,#1862,#1863);
#1861 = CARTESIAN_POINT('',(-1.,-0.625,0.));
#1862 = DIRECTION('',(1.,0.,0.));
#1863 = DIRECTION('',(0.,0.,1.));
#1864 = ADVANCED_FACE('',(#1865),#1877,.T.);
#1865 = FACE_BOUND('',#1866,.T.);
#1866 = EDGE_LOOP('',(#1867,#1868,#1869,#1876));
#1867 = ORIENTED_EDGE('',*,*,#1250,.T.);
#1868 = ORIENTED_EDGE('',*,*,#1702,.T.);
#1869 = ORIENTED_EDGE('',*,*,#1870,.F.);
#1870 = EDGE_CURVE('',#1847,#1695,#1871,.T.);
#1871 = CIRCLE('',#1872,3.5E-02);
#1872 = AXIS2_PLACEMENT_3D('',#1873,#1874,#1875);
#1873 = CARTESIAN_POINT('',(-0.965,0.625,0.465));
#1874 = DIRECTION('',(0.,1.,0.));
#1875 = DIRECTION('',(0.,-0.,1.));
#1876 = ORIENTED_EDGE('',*,*,#1854,.F.);
#1877 = CYLINDRICAL_SURFACE('',#1878,3.5E-02);
#1878 = AXIS2_PLACEMENT_3D('',#1879,#1880,#1881);
#1879 = CARTESIAN_POINT('',(-0.965,-0.625,0.465));
#1880 = DIRECTION('',(0.,1.,0.));
#1881 = DIRECTION('',(-1.,0.,0.));
#1882 = ADVANCED_FACE('',(#1883),#1895,.F.);
#1883 = FACE_BOUND('',#1884,.F.);
#1884 = EDGE_LOOP('',(#1885,#1886,#1887,#1894));
#1885 = ORIENTED_EDGE('',*,*,#1828,.F.);
#1886 = ORIENTED_EDGE('',*,*,#1371,.T.);
#1887 = ORIENTED_EDGE('',*,*,#1888,.T.);
#1888 = EDGE_CURVE('',#1364,#1765,#1889,.T.);
#1889 = CIRCLE('',#1890,3.5E-02);
#1890 = AXIS2_PLACEMENT_3D('',#1891,#1892,#1893);
#1891 = CARTESIAN_POINT('',(-0.685,-0.46875,3.5E-02));
#1892 = DIRECTION('',(-0.,1.,0.));
#1893 = DIRECTION('',(1.,0.,0.));
#1894 = ORIENTED_EDGE('',*,*,#1764,.T.);
#1895 = PLANE('',#1896);
#1896 = AXIS2_PLACEMENT_3D('',#1897,#1898,#1899);
#1897 = CARTESIAN_POINT('',(0.9125,-0.46875,0.75));
#1898 = DIRECTION('',(0.,1.,0.));
#1899 = DIRECTION('',(-1.,0.,0.));
#1900 = ADVANCED_FACE('',(#1901),#1913,.T.);
#1901 = FACE_BOUND('',#1902,.T.);
#1902 = EDGE_LOOP('',(#1903,#1904,#1905,#1906));
#1903 = ORIENTED_EDGE('',*,*,#1363,.F.);
#1904 = ORIENTED_EDGE('',*,*,#1888,.T.);
#1905 = ORIENTED_EDGE('',*,*,#1772,.T.);
#1906 = ORIENTED_EDGE('',*,*,#1907,.F.);
#1907 = EDGE_CURVE('',#1356,#1773,#1908,.T.);
#1908 = CIRCLE('',#1909,3.5E-02);
#1909 = AXIS2_PLACEMENT_3D('',#1910,#1911,#1912);
#1910 = CARTESIAN_POINT('',(-0.685,0.46875,3.5E-02));
#1911 = DIRECTION('',(-0.,1.,0.));
#1912 = DIRECTION('',(1.,0.,0.));
#1913 = CYLINDRICAL_SURFACE('',#1914,3.5E-02);
#1914 = AXIS2_PLACEMENT_3D('',#1915,#1916,#1917);
#1915 = CARTESIAN_POINT('',(-0.685,-0.625,3.5E-02));
#1916 = DIRECTION('',(0.,1.,0.));
#1917 = DIRECTION('',(1.,0.,0.));
#1918 = ADVANCED_FACE('',(#1919),#1930,.F.);
#1919 = FACE_BOUND('',#1920,.F.);
#1920 = EDGE_LOOP('',(#1921,#1922,#1928,#1929));
#1921 = ORIENTED_EDGE('',*,*,#1355,.T.);
#1922 = ORIENTED_EDGE('',*,*,#1923,.T.);
#1923 = EDGE_CURVE('',#1348,#1781,#1924,.T.);
#1924 = LINE('',#1925,#1926);
#1925 = CARTESIAN_POINT('',(-0.9125,0.46875,0.75));
#1926 = VECTOR('',#1927,1.);
#1927 = DIRECTION('',(-0.,-0.,-1.));
#1928 = ORIENTED_EDGE('',*,*,#1780,.T.);
#1929 = ORIENTED_EDGE('',*,*,#1907,.F.);
#1930 = PLANE('',#1931);
#1931 = AXIS2_PLACEMENT_3D('',#1932,#1933,#1934);
#1932 = CARTESIAN_POINT('',(-0.9125,0.46875,0.75));
#1933 = DIRECTION('',(0.,-1.,0.));
#1934 = DIRECTION('',(1.,0.,0.));
#1935 = ADVANCED_FACE('',(#1936),#1947,.F.);
#1936 = FACE_BOUND('',#1937,.F.);
#1937 = EDGE_LOOP('',(#1938,#1939,#1940,#1946));
#1938 = ORIENTED_EDGE('',*,*,#1923,.F.);
#1939 = ORIENTED_EDGE('',*,*,#1347,.T.);
#1940 = ORIENTED_EDGE('',*,*,#1941,.F.);
#1941 = EDGE_CURVE('',#1742,#1340,#1942,.T.);
#1942 = LINE('',#1943,#1944);
#1943 = CARTESIAN_POINT('',(-0.9125,0.625,0.375));
#1944 = VECTOR('',#1945,1.);
#1945 = DIRECTION('',(0.,0.,1.));
#1946 = ORIENTED_EDGE('',*,*,#1788,.T.);
#1947 = PLANE('',#1948);
#1948 = AXIS2_PLACEMENT_3D('',#1949,#1950,#1951);
#1949 = CARTESIAN_POINT('',(-0.9125,0.78125,0.75));
#1950 = DIRECTION('',(-1.,0.,0.));
#1951 = DIRECTION('',(0.,-1.,0.));
#1952 = ADVANCED_FACE('',(#1953),#1978,.F.);
#1953 = FACE_BOUND('',#1954,.F.);
#1954 = EDGE_LOOP('',(#1955,#1956,#1964,#1972));
#1955 = ORIENTED_EDGE('',*,*,#1331,.T.);
#1956 = ORIENTED_EDGE('',*,*,#1957,.T.);
#1957 = EDGE_CURVE('',#1324,#1958,#1960,.T.);
#1958 = VERTEX_POINT('',#1959);
#1959 = CARTESIAN_POINT('',(0.9125,0.46875,0.));
#1960 = LINE('',#1961,#1962);
#1961 = CARTESIAN_POINT('',(0.9125,0.46875,0.75));
#1962 = VECTOR('',#1963,1.);
#1963 = DIRECTION('',(-0.,-0.,-1.));
#1964 = ORIENTED_EDGE('',*,*,#1965,.T.);
#1965 = EDGE_CURVE('',#1958,#1966,#1968,.T.);
#1966 = VERTEX_POINT('',#1967);
#1967 = CARTESIAN_POINT('',(0.9125,0.625,0.));
#1968 = LINE('',#1969,#1970);
#1969 = CARTESIAN_POINT('',(0.9125,-7.8125E-02,0.));
#1970 = VECTOR('',#1971,1.);
#1971 = DIRECTION('',(0.,1.,0.));
#1972 = ORIENTED_EDGE('',*,*,#1973,.F.);
#1973 = EDGE_CURVE('',#1332,#1966,#1974,.T.);
#1974 = LINE('',#1975,#1976);
#1975 = CARTESIAN_POINT('',(0.9125,0.625,0.375));
#1976 = VECTOR('',#1977,1.);
#1977 = DIRECTION('',(0.,0.,-1.));
#1978 = PLANE('',#1979);
#1979 = AXIS2_PLACEMENT_3D('',#1980,#1981,#1982);
#1980 = CARTESIAN_POINT('',(0.9125,0.46875,0.75));
#1981 = DIRECTION('',(1.,0.,0.));
#1982 = DIRECTION('',(-0.,1.,0.));
#1983 = ADVANCED_FACE('',(#1984),#2003,.F.);
#1984 = FACE_BOUND('',#1985,.F.);
#1985 = EDGE_LOOP('',(#1986,#1987,#1988,#1997));
#1986 = ORIENTED_EDGE('',*,*,#1957,.F.);
#1987 = ORIENTED_EDGE('',*,*,#1323,.T.);
#1988 = ORIENTED_EDGE('',*,*,#1989,.F.);
#1989 = EDGE_CURVE('',#1990,#1316,#1992,.T.);
#1990 = VERTEX_POINT('',#1991);
#1991 = CARTESIAN_POINT('',(0.685,0.46875,-6.938893903907E-18));
#1992 = CIRCLE('',#1993,3.5E-02);
#1993 = AXIS2_PLACEMENT_3D('',#1994,#1995,#1996);
#1994 = CARTESIAN_POINT('',(0.685,0.46875,3.5E-02));
#1995 = DIRECTION('',(0.,1.,-0.));
#1996 = DIRECTION('',(-1.,0.,0.));
#1997 = ORIENTED_EDGE('',*,*,#1998,.T.);
#1998 = EDGE_CURVE('',#1990,#1958,#1999,.T.);
#1999 = LINE('',#2000,#2001);
#2000 = CARTESIAN_POINT('',(-0.13125,0.46875,0.));
#2001 = VECTOR('',#2002,1.);
#2002 = DIRECTION('',(1.,0.,0.));
#2003 = PLANE('',#2004);
#2004 = AXIS2_PLACEMENT_3D('',#2005,#2006,#2007);
#2005 = CARTESIAN_POINT('',(-0.9125,0.46875,0.75));
#2006 = DIRECTION('',(0.,-1.,0.));
#2007 = DIRECTION('',(1.,0.,0.));
#2008 = ADVANCED_FACE('',(#2009),#2028,.T.);
#2009 = FACE_BOUND('',#2010,.T.);
#2010 = EDGE_LOOP('',(#2011,#2012,#2020,#2027));
#2011 = ORIENTED_EDGE('',*,*,#1989,.F.);
#2012 = ORIENTED_EDGE('',*,*,#2013,.F.);
#2013 = EDGE_CURVE('',#2014,#1990,#2016,.T.);
#2014 = VERTEX_POINT('',#2015);
#2015 = CARTESIAN_POINT('',(0.685,-0.46875,-6.938893903907E-18));
#2016 = LINE('',#2017,#2018);
#2017 = CARTESIAN_POINT('',(0.685,-0.625,-6.938893903907E-18));
#2018 = VECTOR('',#2019,1.);
#2019 = DIRECTION('',(0.,1.,0.));
#2020 = ORIENTED_EDGE('',*,*,#2021,.T.);
#2021 = EDGE_CURVE('',#2014,#1308,#2022,.T.);
#2022 = CIRCLE('',#2023,3.5E-02);
#2023 = AXIS2_PLACEMENT_3D('',#2024,#2025,#2026);
#2024 = CARTESIAN_POINT('',(0.685,-0.46875,3.5E-02));
#2025 = DIRECTION('',(0.,1.,-0.));
#2026 = DIRECTION('',(-1.,0.,0.));
#2027 = ORIENTED_EDGE('',*,*,#1315,.T.);
#2028 = CYLINDRICAL_SURFACE('',#2029,3.5E-02);
#2029 = AXIS2_PLACEMENT_3D('',#2030,#2031,#2032);
#2030 = CARTESIAN_POINT('',(0.685,-0.625,3.5E-02));
#2031 = DIRECTION('',(0.,1.,0.));
#2032 = DIRECTION('',(-1.,0.,0.));
#2033 = ADVANCED_FACE('',(#2034),#2052,.F.);
#2034 = FACE_BOUND('',#2035,.F.);
#2035 = EDGE_LOOP('',(#2036,#2037,#2045,#2051));
#2036 = ORIENTED_EDGE('',*,*,#1307,.T.);
#2037 = ORIENTED_EDGE('',*,*,#2038,.T.);
#2038 = EDGE_CURVE('',#1300,#2039,#2041,.T.);
#2039 = VERTEX_POINT('',#2040);
#2040 = CARTESIAN_POINT('',(0.9125,-0.46875,0.));
#2041 = LINE('',#2042,#2043);
#2042 = CARTESIAN_POINT('',(0.9125,-0.46875,0.75));
#2043 = VECTOR('',#2044,1.);
#2044 = DIRECTION('',(-0.,-0.,-1.));
#2045 = ORIENTED_EDGE('',*,*,#2046,.T.);
#2046 = EDGE_CURVE('',#2039,#2014,#2047,.T.);
#2047 = LINE('',#2048,#2049);
#2048 = CARTESIAN_POINT('',(0.78125,-0.46875,0.));
#2049 = VECTOR('',#2050,1.);
#2050 = DIRECTION('',(-1.,0.,0.));
#2051 = ORIENTED_EDGE('',*,*,#2021,.T.);
#2052 = PLANE('',#2053);
#2053 = AXIS2_PLACEMENT_3D('',#2054,#2055,#2056);
#2054 = CARTESIAN_POINT('',(0.9125,-0.46875,0.75));
#2055 = DIRECTION('',(0.,1.,0.));
#2056 = DIRECTION('',(-1.,0.,0.));
#2057 = ADVANCED_FACE('',(#2058),#2069,.F.);
#2058 = FACE_BOUND('',#2059,.F.);
#2059 = EDGE_LOOP('',(#2060,#2061,#2062,#2063));
#2060 = ORIENTED_EDGE('',*,*,#2038,.F.);
#2061 = ORIENTED_EDGE('',*,*,#1299,.T.);
#2062 = ORIENTED_EDGE('',*,*,#1421,.T.);
#2063 = ORIENTED_EDGE('',*,*,#2064,.T.);
#2064 = EDGE_CURVE('',#1412,#2039,#2065,.T.);
#2065 = LINE('',#2066,#2067);
#2066 = CARTESIAN_POINT('',(0.9125,-0.703125,0.));
#2067 = VECTOR('',#2068,1.);
#2068 = DIRECTION('',(0.,1.,0.));
#2069 = PLANE('',#2070);
#2070 = AXIS2_PLACEMENT_3D('',#2071,#2072,#2073);
#2071 = CARTESIAN_POINT('',(0.9125,-0.78125,0.75));
#2072 = DIRECTION('',(1.,0.,0.));
#2073 = DIRECTION('',(-0.,1.,0.));
#2074 = ADVANCED_FACE('',(#2075),#2100,.T.);
#2075 = FACE_BOUND('',#2076,.T.);
#2076 = EDGE_LOOP('',(#2077,#2085,#2086,#2094));
#2077 = ORIENTED_EDGE('',*,*,#2078,.T.);
#2078 = EDGE_CURVE('',#2079,#1380,#2081,.T.);
#2079 = VERTEX_POINT('',#2080);
#2080 = CARTESIAN_POINT('',(0.433012701892,0.5,1.75E-02));
#2081 = LINE('',#2082,#2083);
#2082 = CARTESIAN_POINT('',(0.433012701892,0.5,1.75E-02));
#2083 = VECTOR('',#2084,1.);
#2084 = DIRECTION('',(0.,0.,1.));
#2085 = ORIENTED_EDGE('',*,*,#1379,.T.);
#2086 = ORIENTED_EDGE('',*,*,#2087,.F.);
#2087 = EDGE_CURVE('',#2088,#1382,#2090,.T.);
#2088 = VERTEX_POINT('',#2089);
#2089 = CARTESIAN_POINT('',(0.433012701892,-0.5,1.75E-02));
#2090 = LINE('',#2091,#2092);
#2091 = CARTESIAN_POINT('',(0.433012701892,-0.5,1.75E-02));
#2092 = VECTOR('',#2093,1.);
#2093 = DIRECTION('',(0.,0.,1.));
#2094 = ORIENTED_EDGE('',*,*,#2095,.F.);
#2095 = EDGE_CURVE('',#2079,#2088,#2096,.T.);
#2096 = LINE('',#2097,#2098);
#2097 = CARTESIAN_POINT('',(0.433012701892,0.5,1.75E-02));
#2098 = VECTOR('',#2099,1.);
#2099 = DIRECTION('',(0.,-1.,0.));
#2100 = PLANE('',#2101);
#2101 = AXIS2_PLACEMENT_3D('',#2102,#2103,#2104);
#2102 = CARTESIAN_POINT('',(0.433012701892,0.5,1.75E-02));
#2103 = DIRECTION('',(1.,0.,0.));
#2104 = DIRECTION('',(0.,-1.,0.));
#2105 = ADVANCED_FACE('',(#2106),#2124,.T.);
#2106 = FACE_BOUND('',#2107,.T.);
#2107 = EDGE_LOOP('',(#2108,#2116,#2117,#2118));
#2108 = ORIENTED_EDGE('',*,*,#2109,.T.);
#2109 = EDGE_CURVE('',#2110,#1390,#2112,.T.);
#2110 = VERTEX_POINT('',#2111);
#2111 = CARTESIAN_POINT('',(-0.433012701892,0.,1.75E-02));
#2112 = LINE('',#2113,#2114);
#2113 = CARTESIAN_POINT('',(-0.433012701892,0.,1.75E-02));
#2114 = VECTOR('',#2115,1.);
#2115 = DIRECTION('',(0.,0.,1.));
#2116 = ORIENTED_EDGE('',*,*,#1397,.T.);
#2117 = ORIENTED_EDGE('',*,*,#2078,.F.);
#2118 = ORIENTED_EDGE('',*,*,#2119,.F.);
#2119 = EDGE_CURVE('',#2110,#2079,#2120,.T.);
#2120 = LINE('',#2121,#2122);
#2121 = CARTESIAN_POINT('',(-0.433012701892,0.,1.75E-02));
#2122 = VECTOR('',#2123,1.);
#2123 = DIRECTION('',(0.866025403784,0.5,0.));
#2124 = PLANE('',#2125);
#2125 = AXIS2_PLACEMENT_3D('',#2126,#2127,#2128);
#2126 = CARTESIAN_POINT('',(-0.433012701892,0.,1.75E-02));
#2127 = DIRECTION('',(-0.5,0.866025403784,0.));
#2128 = DIRECTION('',(0.866025403784,0.5,0.));
#2129 = ADVANCED_FACE('',(#2130),#2141,.T.);
#2130 = FACE_BOUND('',#2131,.T.);
#2131 = EDGE_LOOP('',(#2132,#2133,#2134,#2135));
#2132 = ORIENTED_EDGE('',*,*,#2087,.T.);
#2133 = ORIENTED_EDGE('',*,*,#1389,.T.);
#2134 = ORIENTED_EDGE('',*,*,#2109,.F.);
#2135 = ORIENTED_EDGE('',*,*,#2136,.F.);
#2136 = EDGE_CURVE('',#2088,#2110,#2137,.T.);
#2137 = LINE('',#2138,#2139);
#2138 = CARTESIAN_POINT('',(0.433012701892,-0.5,1.75E-02));
#2139 = VECTOR('',#2140,1.);
#2140 = DIRECTION('',(-0.866025403784,0.5,0.));
#2141 = PLANE('',#2142);
#2142 = AXIS2_PLACEMENT_3D('',#2143,#2144,#2145);
#2143 = CARTESIAN_POINT('',(0.433012701892,-0.5,1.75E-02));
#2144 = DIRECTION('',(-0.5,-0.866025403784,0.));
#2145 = DIRECTION('',(-0.866025403784,0.5,0.));
#2146 = ADVANCED_FACE('',(#2147),#2169,.F.);
#2147 = FACE_BOUND('',#2148,.F.);
#2148 = EDGE_LOOP('',(#2149,#2157,#2158,#2159,#2160,#2161,#2162,#2163));
#2149 = ORIENTED_EDGE('',*,*,#2150,.F.);
#2150 = EDGE_CURVE('',#1966,#2151,#2153,.T.);
#2151 = VERTEX_POINT('',#2152);
#2152 = CARTESIAN_POINT('',(0.965,0.625,-6.938893903907E-18));
#2153 = LINE('',#2154,#2155);
#2154 = CARTESIAN_POINT('',(0.65,0.625,0.));
#2155 = VECTOR('',#2156,1.);
#2156 = DIRECTION('',(1.,0.,0.));
#2157 = ORIENTED_EDGE('',*,*,#1965,.F.);
#2158 = ORIENTED_EDGE('',*,*,#1998,.F.);
#2159 = ORIENTED_EDGE('',*,*,#2013,.F.);
#2160 = ORIENTED_EDGE('',*,*,#2046,.F.);
#2161 = ORIENTED_EDGE('',*,*,#2064,.F.);
#2162 = ORIENTED_EDGE('',*,*,#1411,.T.);
#2163 = ORIENTED_EDGE('',*,*,#2164,.T.);
#2164 = EDGE_CURVE('',#1414,#2151,#2165,.T.);
#2165 = LINE('',#2166,#2167);
#2166 = CARTESIAN_POINT('',(0.965,-0.625,-6.938893903907E-18));
#2167 = VECTOR('',#2168,1.);
#2168 = DIRECTION('',(0.,1.,0.));
#2169 = PLANE('',#2170);
#2170 = AXIS2_PLACEMENT_3D('',#2171,#2172,#2173);
#2171 = CARTESIAN_POINT('',(0.65,-0.625,0.));
#2172 = DIRECTION('',(0.,0.,1.));
#2173 = DIRECTION('',(1.,0.,-0.));
#2174 = ADVANCED_FACE('',(#2175),#2194,.T.);
#2175 = FACE_BOUND('',#2176,.T.);
#2176 = EDGE_LOOP('',(#2177,#2178,#2179,#2188));
#2177 = ORIENTED_EDGE('',*,*,#1463,.T.);
#2178 = ORIENTED_EDGE('',*,*,#2164,.T.);
#2179 = ORIENTED_EDGE('',*,*,#2180,.F.);
#2180 = EDGE_CURVE('',#2181,#2151,#2183,.T.);
#2181 = VERTEX_POINT('',#2182);
#2182 = CARTESIAN_POINT('',(1.,0.625,3.5E-02));
#2183 = CIRCLE('',#2184,3.5E-02);
#2184 = AXIS2_PLACEMENT_3D('',#2185,#2186,#2187);
#2185 = CARTESIAN_POINT('',(0.965,0.625,3.5E-02));
#2186 = DIRECTION('',(0.,1.,0.));
#2187 = DIRECTION('',(0.,-0.,1.));
#2188 = ORIENTED_EDGE('',*,*,#2189,.F.);
#2189 = EDGE_CURVE('',#1456,#2181,#2190,.T.);
#2190 = LINE('',#2191,#2192);
#2191 = CARTESIAN_POINT('',(1.,-0.625,3.5E-02));
#2192 = VECTOR('',#2193,1.);
#2193 = DIRECTION('',(0.,1.,0.));
#2194 = CYLINDRICAL_SURFACE('',#2195,3.5E-02);
#2195 = AXIS2_PLACEMENT_3D('',#2196,#2197,#2198);
#2196 = CARTESIAN_POINT('',(0.965,-0.625,3.5E-02));
#2197 = DIRECTION('',(0.,1.,0.));
#2198 = DIRECTION('',(1.,0.,0.));
#2199 = ADVANCED_FACE('',(#2200),#2218,.T.);
#2200 = FACE_BOUND('',#2201,.T.);
#2201 = EDGE_LOOP('',(#2202,#2203,#2204,#2212));
#2202 = ORIENTED_EDGE('',*,*,#1455,.F.);
#2203 = ORIENTED_EDGE('',*,*,#2189,.T.);
#2204 = ORIENTED_EDGE('',*,*,#2205,.T.);
#2205 = EDGE_CURVE('',#2181,#2206,#2208,.T.);
#2206 = VERTEX_POINT('',#2207);
#2207 = CARTESIAN_POINT('',(1.,0.625,0.465));
#2208 = LINE('',#2209,#2210);
#2209 = CARTESIAN_POINT('',(1.,0.625,0.));
#2210 = VECTOR('',#2211,1.);
#2211 = DIRECTION('',(0.,0.,1.));
#2212 = ORIENTED_EDGE('',*,*,#2213,.F.);
#2213 = EDGE_CURVE('',#1447,#2206,#2214,.T.);
#2214 = LINE('',#2215,#2216);
#2215 = CARTESIAN_POINT('',(1.,-0.625,0.465));
#2216 = VECTOR('',#2217,1.);
#2217 = DIRECTION('',(0.,1.,0.));
#2218 = PLANE('',#2219);
#2219 = AXIS2_PLACEMENT_3D('',#2220,#2221,#2222);
#2220 = CARTESIAN_POINT('',(1.,-0.625,0.));
#2221 = DIRECTION('',(1.,0.,0.));
#2222 = DIRECTION('',(0.,0.,1.));
#2223 = ADVANCED_FACE('',(#2224),#2243,.T.);
#2224 = FACE_BOUND('',#2225,.T.);
#2225 = EDGE_LOOP('',(#2226,#2227,#2236,#2242));
#2226 = ORIENTED_EDGE('',*,*,#2213,.T.);
#2227 = ORIENTED_EDGE('',*,*,#2228,.T.);
#2228 = EDGE_CURVE('',#2206,#2229,#2231,.T.);
#2229 = VERTEX_POINT('',#2230);
#2230 = CARTESIAN_POINT('',(0.965,0.625,0.5));
#2231 = CIRCLE('',#2232,3.5E-02);
#2232 = AXIS2_PLACEMENT_3D('',#2233,#2234,#2235);
#2233 = CARTESIAN_POINT('',(0.965,0.625,0.465));
#2234 = DIRECTION('',(0.,-1.,0.));
#2235 = DIRECTION('',(0.,0.,1.));
#2236 = ORIENTED_EDGE('',*,*,#2237,.F.);
#2237 = EDGE_CURVE('',#1439,#2229,#2238,.T.);
#2238 = LINE('',#2239,#2240);
#2239 = CARTESIAN_POINT('',(0.965,-0.625,0.5));
#2240 = VECTOR('',#2241,1.);
#2241 = DIRECTION('',(0.,1.,0.));
#2242 = ORIENTED_EDGE('',*,*,#1446,.F.);
#2243 = CYLINDRICAL_SURFACE('',#2244,3.5E-02);
#2244 = AXIS2_PLACEMENT_3D('',#2245,#2246,#2247);
#2245 = CARTESIAN_POINT('',(0.965,-0.625,0.465));
#2246 = DIRECTION('',(0.,1.,0.));
#2247 = DIRECTION('',(1.,0.,0.));
#2248 = ADVANCED_FACE('',(#2249),#2290,.T.);
#2249 = FACE_BOUND('',#2250,.T.);
#2250 = EDGE_LOOP('',(#2251,#2259,#2267,#2273,#2274,#2282,#2288,#2289));
#2251 = ORIENTED_EDGE('',*,*,#2252,.F.);
#2252 = EDGE_CURVE('',#2253,#2229,#2255,.T.);
#2253 = VERTEX_POINT('',#2254);
#2254 = CARTESIAN_POINT('',(0.9125,0.625,0.5));
#2255 = LINE('',#2256,#2257);
#2256 = CARTESIAN_POINT('',(0.65,0.625,0.5));
#2257 = VECTOR('',#2258,1.);
#2258 = DIRECTION('',(1.,0.,0.));
#2259 = ORIENTED_EDGE('',*,*,#2260,.F.);
#2260 = EDGE_CURVE('',#2261,#2253,#2263,.T.);
#2261 = VERTEX_POINT('',#2262);
#2262 = CARTESIAN_POINT('',(0.9125,0.46875,0.5));
#2263 = LINE('',#2264,#2265);
#2264 = CARTESIAN_POINT('',(0.9125,-7.8125E-02,0.5));
#2265 = VECTOR('',#2266,1.);
#2266 = DIRECTION('',(0.,1.,0.));
#2267 = ORIENTED_EDGE('',*,*,#2268,.F.);
#2268 = EDGE_CURVE('',#1544,#2261,#2269,.T.);
#2269 = LINE('',#2270,#2271);
#2270 = CARTESIAN_POINT('',(-0.13125,0.46875,0.5));
#2271 = VECTOR('',#2272,1.);
#2272 = DIRECTION('',(1.,0.,0.));
#2273 = ORIENTED_EDGE('',*,*,#1543,.F.);
#2274 = ORIENTED_EDGE('',*,*,#2275,.F.);
#2275 = EDGE_CURVE('',#2276,#1535,#2278,.T.);
#2276 = VERTEX_POINT('',#2277);
#2277 = CARTESIAN_POINT('',(0.9125,-0.46875,0.5));
#2278 = LINE('',#2279,#2280);
#2279 = CARTESIAN_POINT('',(0.78125,-0.46875,0.5));
#2280 = VECTOR('',#2281,1.);
#2281 = DIRECTION('',(-1.,0.,0.));
#2282 = ORIENTED_EDGE('',*,*,#2283,.F.);
#2283 = EDGE_CURVE('',#1431,#2276,#2284,.T.);
#2284 = LINE('',#2285,#2286);
#2285 = CARTESIAN_POINT('',(0.9125,-0.703125,0.5));
#2286 = VECTOR('',#2287,1.);
#2287 = DIRECTION('',(0.,1.,0.));
#2288 = ORIENTED_EDGE('',*,*,#1438,.T.);
#2289 = ORIENTED_EDGE('',*,*,#2237,.T.);
#2290 = PLANE('',#2291);
#2291 = AXIS2_PLACEMENT_3D('',#2292,#2293,#2294);
#2292 = CARTESIAN_POINT('',(0.65,-0.625,0.5));
#2293 = DIRECTION('',(0.,0.,1.));
#2294 = DIRECTION('',(1.,0.,-0.));
#2295 = ADVANCED_FACE('',(#2296),#2307,.F.);
#2296 = FACE_BOUND('',#2297,.F.);
#2297 = EDGE_LOOP('',(#2298,#2304,#2305,#2306));
#2298 = ORIENTED_EDGE('',*,*,#2299,.F.);
#2299 = EDGE_CURVE('',#2276,#1479,#2300,.T.);
#2300 = LINE('',#2301,#2302);
#2301 = CARTESIAN_POINT('',(0.9125,-0.46875,0.75));
#2302 = VECTOR('',#2303,1.);
#2303 = DIRECTION('',(-0.,-0.,-1.));
#2304 = ORIENTED_EDGE('',*,*,#2283,.F.);
#2305 = ORIENTED_EDGE('',*,*,#1430,.T.);
#2306 = ORIENTED_EDGE('',*,*,#1488,.F.);
#2307 = PLANE('',#2308);
#2308 = AXIS2_PLACEMENT_3D('',#2309,#2310,#2311);
#2309 = CARTESIAN_POINT('',(0.9125,-0.78125,0.75));
#2310 = DIRECTION('',(1.,0.,0.));
#2311 = DIRECTION('',(-0.,1.,0.));
#2312 = ADVANCED_FACE('',(#2313),#2319,.F.);
#2313 = FACE_BOUND('',#2314,.F.);
#2314 = EDGE_LOOP('',(#2315,#2316,#2317,#2318));
#2315 = ORIENTED_EDGE('',*,*,#2275,.F.);
#2316 = ORIENTED_EDGE('',*,*,#2299,.T.);
#2317 = ORIENTED_EDGE('',*,*,#1478,.F.);
#2318 = ORIENTED_EDGE('',*,*,#1534,.T.);
#2319 = PLANE('',#2320);
#2320 = AXIS2_PLACEMENT_3D('',#2321,#2322,#2323);
#2321 = CARTESIAN_POINT('',(0.9125,-0.46875,0.75));
#2322 = DIRECTION('',(0.,1.,0.));
#2323 = DIRECTION('',(-1.,0.,0.));
#2324 = ADVANCED_FACE('',(#2325),#2341,.F.);
#2325 = FACE_BOUND('',#2326,.F.);
#2326 = EDGE_LOOP('',(#2327,#2328,#2334,#2335));
#2327 = ORIENTED_EDGE('',*,*,#2260,.F.);
#2328 = ORIENTED_EDGE('',*,*,#2329,.T.);
#2329 = EDGE_CURVE('',#2261,#1512,#2330,.T.);
#2330 = LINE('',#2331,#2332);
#2331 = CARTESIAN_POINT('',(0.9125,0.46875,0.75));
#2332 = VECTOR('',#2333,1.);
#2333 = DIRECTION('',(-0.,-0.,-1.));
#2334 = ORIENTED_EDGE('',*,*,#1519,.F.);
#2335 = ORIENTED_EDGE('',*,*,#2336,.F.);
#2336 = EDGE_CURVE('',#2253,#1503,#2337,.T.);
#2337 = LINE('',#2338,#2339);
#2338 = CARTESIAN_POINT('',(0.9125,0.625,0.375));
#2339 = VECTOR('',#2340,1.);
#2340 = DIRECTION('',(0.,0.,-1.));
#2341 = PLANE('',#2342);
#2342 = AXIS2_PLACEMENT_3D('',#2343,#2344,#2345);
#2343 = CARTESIAN_POINT('',(0.9125,0.46875,0.75));
#2344 = DIRECTION('',(1.,0.,0.));
#2345 = DIRECTION('',(-0.,1.,0.));
#2346 = ADVANCED_FACE('',(#2347),#2353,.F.);
#2347 = FACE_BOUND('',#2348,.F.);
#2348 = EDGE_LOOP('',(#2349,#2350,#2351,#2352));
#2349 = ORIENTED_EDGE('',*,*,#2329,.F.);
#2350 = ORIENTED_EDGE('',*,*,#2268,.F.);
#2351 = ORIENTED_EDGE('',*,*,#1551,.F.);
#2352 = ORIENTED_EDGE('',*,*,#1511,.F.);
#2353 = PLANE('',#2354);
#2354 = AXIS2_PLACEMENT_3D('',#2355,#2356,#2357);
#2355 = CARTESIAN_POINT('',(-0.9125,0.46875,0.75));
#2356 = DIRECTION('',(0.,-1.,0.));
#2357 = DIRECTION('',(1.,0.,0.));
#2358 = ADVANCED_FACE('',(#2359),#2371,.T.);
#2359 = FACE_BOUND('',#2360,.T.);
#2360 = EDGE_LOOP('',(#2361,#2362,#2363,#2364,#2365,#2366,#2367,#2368,
    #2369,#2370));
#2361 = ORIENTED_EDGE('',*,*,#1739,.F.);
#2362 = ORIENTED_EDGE('',*,*,#1810,.F.);
#2363 = ORIENTED_EDGE('',*,*,#1846,.T.);
#2364 = ORIENTED_EDGE('',*,*,#1870,.T.);
#2365 = ORIENTED_EDGE('',*,*,#1694,.T.);
#2366 = ORIENTED_EDGE('',*,*,#1655,.F.);
#2367 = ORIENTED_EDGE('',*,*,#1582,.F.);
#2368 = ORIENTED_EDGE('',*,*,#1574,.F.);
#2369 = ORIENTED_EDGE('',*,*,#1566,.T.);
#2370 = ORIENTED_EDGE('',*,*,#1941,.F.);
#2371 = PLANE('',#2372);
#2372 = AXIS2_PLACEMENT_3D('',#2373,#2374,#2375);
#2373 = CARTESIAN_POINT('',(-1.,0.625,0.));
#2374 = DIRECTION('',(0.,1.,0.));
#2375 = DIRECTION('',(0.,-0.,1.));
#2376 = ADVANCED_FACE('',(#2377),#2389,.T.);
#2377 = FACE_BOUND('',#2378,.T.);
#2378 = EDGE_LOOP('',(#2379,#2380,#2381,#2382,#2383,#2384,#2385,#2386,
    #2387,#2388));
#2379 = ORIENTED_EDGE('',*,*,#2150,.F.);
#2380 = ORIENTED_EDGE('',*,*,#1973,.F.);
#2381 = ORIENTED_EDGE('',*,*,#1607,.T.);
#2382 = ORIENTED_EDGE('',*,*,#1599,.T.);
#2383 = ORIENTED_EDGE('',*,*,#1591,.F.);
#2384 = ORIENTED_EDGE('',*,*,#2336,.F.);
#2385 = ORIENTED_EDGE('',*,*,#2252,.T.);
#2386 = ORIENTED_EDGE('',*,*,#2228,.F.);
#2387 = ORIENTED_EDGE('',*,*,#2205,.F.);
#2388 = ORIENTED_EDGE('',*,*,#2180,.T.);
#2389 = PLANE('',#2390);
#2390 = AXIS2_PLACEMENT_3D('',#2391,#2392,#2393);
#2391 = CARTESIAN_POINT('',(0.65,0.625,0.));
#2392 = DIRECTION('',(0.,1.,0.));
#2393 = DIRECTION('',(0.,-0.,1.));
#2394 = ADVANCED_FACE('',(#2395),#2400,.T.);
#2395 = FACE_BOUND('',#2396,.T.);
#2396 = EDGE_LOOP('',(#2397,#2398,#2399));
#2397 = ORIENTED_EDGE('',*,*,#2119,.T.);
#2398 = ORIENTED_EDGE('',*,*,#2095,.T.);
#2399 = ORIENTED_EDGE('',*,*,#2136,.T.);
#2400 = PLANE('',#2401);
#2401 = AXIS2_PLACEMENT_3D('',#2402,#2403,#2404);
#2402 = CARTESIAN_POINT('',(0.144337567297,9.251858538543E-18,1.75E-02)
  );
#2403 = DIRECTION('',(-0.,-0.,-1.));
#2404 = DIRECTION('',(-1.,0.,0.));
#2405 = ( GEOMETRIC_REPRESENTATION_CONTEXT(3) 
GLOBAL_UNCERTAINTY_ASSIGNED_CONTEXT((#2409)) 
GLOBAL_UNIT_ASSIGNED_CONTEXT((#2406,#2407,#2408)) REPRESENTATION_CONTEXT
('Context #1','3D Context with UNIT and UNCERTAINTY') );
#2406 = ( LENGTH_UNIT() NAMED_UNIT(*) SI_UNIT(.MILLI.,.METRE.) );
#2407 = ( NAMED_UNIT(*) PLANE_ANGLE_UNIT() SI_UNIT($,.RADIAN.) );
#2408 = ( NAMED_UNIT(*) SI_UNIT($,.STERADIAN.) SOLID_ANGLE_UNIT() );
#2409 = UNCERTAINTY_MEASURE_WITH_UNIT(LENGTH_MEASURE(1.E-07),#2406,
  'distance_accuracy_value','confusion accuracy');
#2410 = CONTEXT_DEPENDENT_SHAPE_REPRESENTATION(#2411,#2413);
#2411 = ( REPRESENTATION_RELATIONSHIP('','',#881,#10) 
REPRESENTATION_RELATIONSHIP_WITH_TRANSFORMATION(#2412) 
SHAPE_REPRESENTATION_RELATIONSHIP() );
#2412 = ITEM_DEFINED_TRANSFORMATION('','',#11,#19);
#2413 = PRODUCT_DEFINITION_SHAPE('Placement','Placement of an item',
  #2414);
#2414 = NEXT_ASSEMBLY_USAGE_OCCURRENCE('2','D2','',#5,#876,$);
#2415 = PRODUCT_RELATED_PRODUCT_CATEGORY('part',$,(#878));
#2416 = CONTEXT_DEPENDENT_SHAPE_REPRESENTATION(#2417,#2419);
#2417 = ( REPRESENTATION_RELATIONSHIP('','',#881,#10) 
REPRESENTATION_RELATIONSHIP_WITH_TRANSFORMATION(#2418) 
SHAPE_REPRESENTATION_RELATIONSHIP() );
#2418 = ITEM_DEFINED_TRANSFORMATION('','',#11,#23);
#2419 = PRODUCT_DEFINITION_SHAPE('Placement','Placement of an item',
  #2420);
#2420 = NEXT_ASSEMBLY_USAGE_OCCURRENCE('3','D1','',#5,#876,$);
#2421 = CONTEXT_DEPENDENT_SHAPE_REPRESENTATION(#2422,#2424);
#2422 = ( REPRESENTATION_RELATIONSHIP('','',#881,#10) 
REPRESENTATION_RELATIONSHIP_WITH_TRANSFORMATION(#2423) 
SHAPE_REPRESENTATION_RELATIONSHIP() );
#2423 = ITEM_DEFINED_TRANSFORMATION('','',#11,#27);
#2424 = PRODUCT_DEFINITION_SHAPE('Placement','Placement of an item',
  #2425);
#2425 = NEXT_ASSEMBLY_USAGE_OCCURRENCE('4','D3','',#5,#876,$);
#2426 = CONTEXT_DEPENDENT_SHAPE_REPRESENTATION(#2427,#2429);
#2427 = ( REPRESENTATION_RELATIONSHIP('','',#881,#10) 
REPRESENTATION_RELATIONSHIP_WITH_TRANSFORMATION(#2428) 
SHAPE_REPRESENTATION_RELATIONSHIP() );
#2428 = ITEM_DEFINED_TRANSFORMATION('','',#11,#31);
#2429 = PRODUCT_DEFINITION_SHAPE('Placement','Placement of an item',
  #2430);
#2430 = NEXT_ASSEMBLY_USAGE_OCCURRENCE('5','D4','',#5,#876,$);
#2431 = CONTEXT_DEPENDENT_SHAPE_REPRESENTATION(#2432,#2434);
#2432 = ( REPRESENTATION_RELATIONSHIP('','',#72,#10) 
REPRESENTATION_RELATIONSHIP_WITH_TRANSFORMATION(#2433) 
SHAPE_REPRESENTATION_RELATIONSHIP() );
#2433 = ITEM_DEFINED_TRANSFORMATION('','',#11,#35);
#2434 = PRODUCT_DEFINITION_SHAPE('Placement','Placement of an item',
  #2435);
#2435 = NEXT_ASSEMBLY_USAGE_OCCURRENCE('6','R4','',#5,#67,$);
#2436 = CONTEXT_DEPENDENT_SHAPE_REPRESENTATION(#2437,#2439);
#2437 = ( REPRESENTATION_RELATIONSHIP('','',#72,#10) 
REPRESENTATION_RELATIONSHIP_WITH_TRANSFORMATION(#2438) 
SHAPE_REPRESENTATION_RELATIONSHIP() );
#2438 = ITEM_DEFINED_TRANSFORMATION('','',#11,#39);
#2439 = PRODUCT_DEFINITION_SHAPE('Placement','Placement of an item',
  #2440);
#2440 = NEXT_ASSEMBLY_USAGE_OCCURRENCE('7','R2','',#5,#67,$);
#2441 = CONTEXT_DEPENDENT_SHAPE_REPRESENTATION(#2442,#2444);
#2442 = ( REPRESENTATION_RELATIONSHIP('','',#72,#10) 
REPRESENTATION_RELATIONSHIP_WITH_TRANSFORMATION(#2443) 
SHAPE_REPRESENTATION_RELATIONSHIP() );
#2443 = ITEM_DEFINED_TRANSFORMATION('','',#11,#43);
#2444 = PRODUCT_DEFINITION_SHAPE('Placement','Placement of an item',
  #2445);
#2445 = NEXT_ASSEMBLY_USAGE_OCCURRENCE('8','R1','',#5,#67,$);
#2446 = SHAPE_DEFINITION_REPRESENTATION(#2447,#2453);
#2447 = PRODUCT_DEFINITION_SHAPE('','',#2448);
#2448 = PRODUCT_DEFINITION('design','',#2449,#2452);
#2449 = PRODUCT_DEFINITION_FORMATION('','',#2450);
#2450 = PRODUCT('PinHeader_1x02_P2.54mm_Vertical',
  'PinHeader_1x02_P2.54mm_Vertical','',(#2451));
#2451 = PRODUCT_CONTEXT('',#2,'mechanical');
#2452 = PRODUCT_DEFINITION_CONTEXT('part definition',#2,'design');
#2453 = ADVANCED_BREP_SHAPE_REPRESENTATION('',(#11,#2454),#3886);
#2454 = MANIFOLD_SOLID_BREP('',#2455);
#2455 = CLOSED_SHELL('',(#2456,#2496,#2527,#2558,#2723,#2888,#2905,#2922
    ,#2939,#2956,#2973,#2990,#3007,#3024,#3041,#3058,#3070,#3101,#3125,
    #3149,#3166,#3197,#3221,#3245,#3262,#3293,#3317,#3341,#3358,#3389,
    #3413,#3437,#3454,#3485,#3509,#3533,#3550,#3581,#3605,#3629,#3646,
    #3677,#3701,#3725,#3742,#3773,#3797,#3821,#3838,#3850,#3862,#3874));
#2456 = ADVANCED_FACE('',(#2457),#2491,.F.);
#2457 = FACE_BOUND('',#2458,.F.);
#2458 = EDGE_LOOP('',(#2459,#2469,#2477,#2485));
#2459 = ORIENTED_EDGE('',*,*,#2460,.T.);
#2460 = EDGE_CURVE('',#2461,#2463,#2465,.T.);
#2461 = VERTEX_POINT('',#2462);
#2462 = CARTESIAN_POINT('',(-1.016,1.27,0.));
#2463 = VERTEX_POINT('',#2464);
#2464 = CARTESIAN_POINT('',(-1.016,1.27,2.54));
#2465 = LINE('',#2466,#2467);
#2466 = CARTESIAN_POINT('',(-1.016,1.27,0.));
#2467 = VECTOR('',#2468,1.);
#2468 = DIRECTION('',(0.,0.,1.));
#2469 = ORIENTED_EDGE('',*,*,#2470,.T.);
#2470 = EDGE_CURVE('',#2463,#2471,#2473,.T.);
#2471 = VERTEX_POINT('',#2472);
#2472 = CARTESIAN_POINT('',(-1.27,1.016,2.54));
#2473 = LINE('',#2474,#2475);
#2474 = CARTESIAN_POINT('',(-1.016,1.27,2.54));
#2475 = VECTOR('',#2476,1.);
#2476 = DIRECTION('',(-0.707106781187,-0.707106781187,0.));
#2477 = ORIENTED_EDGE('',*,*,#2478,.F.);
#2478 = EDGE_CURVE('',#2479,#2471,#2481,.T.);
#2479 = VERTEX_POINT('',#2480);
#2480 = CARTESIAN_POINT('',(-1.27,1.016,0.));
#2481 = LINE('',#2482,#2483);
#2482 = CARTESIAN_POINT('',(-1.27,1.016,0.));
#2483 = VECTOR('',#2484,1.);
#2484 = DIRECTION('',(0.,0.,1.));
#2485 = ORIENTED_EDGE('',*,*,#2486,.F.);
#2486 = EDGE_CURVE('',#2461,#2479,#2487,.T.);
#2487 = LINE('',#2488,#2489);
#2488 = CARTESIAN_POINT('',(-1.016,1.27,0.));
#2489 = VECTOR('',#2490,1.);
#2490 = DIRECTION('',(-0.707106781187,-0.707106781187,0.));
#2491 = PLANE('',#2492);
#2492 = AXIS2_PLACEMENT_3D('',#2493,#2494,#2495);
#2493 = CARTESIAN_POINT('',(-1.016,1.27,0.));
#2494 = DIRECTION('',(0.707106781187,-0.707106781187,0.));
#2495 = DIRECTION('',(-0.707106781187,-0.707106781187,0.));
#2496 = ADVANCED_FACE('',(#2497),#2522,.F.);
#2497 = FACE_BOUND('',#2498,.F.);
#2498 = EDGE_LOOP('',(#2499,#2509,#2515,#2516));
#2499 = ORIENTED_EDGE('',*,*,#2500,.T.);
#2500 = EDGE_CURVE('',#2501,#2503,#2505,.T.);
#2501 = VERTEX_POINT('',#2502);
#2502 = CARTESIAN_POINT('',(1.016,1.27,0.));
#2503 = VERTEX_POINT('',#2504);
#2504 = CARTESIAN_POINT('',(1.016,1.27,2.54));
#2505 = LINE('',#2506,#2507);
#2506 = CARTESIAN_POINT('',(1.016,1.27,0.));
#2507 = VECTOR('',#2508,1.);
#2508 = DIRECTION('',(0.,0.,1.));
#2509 = ORIENTED_EDGE('',*,*,#2510,.T.);
#2510 = EDGE_CURVE('',#2503,#2463,#2511,.T.);
#2511 = LINE('',#2512,#2513);
#2512 = CARTESIAN_POINT('',(1.016,1.27,2.54));
#2513 = VECTOR('',#2514,1.);
#2514 = DIRECTION('',(-1.,0.,0.));
#2515 = ORIENTED_EDGE('',*,*,#2460,.F.);
#2516 = ORIENTED_EDGE('',*,*,#2517,.F.);
#2517 = EDGE_CURVE('',#2501,#2461,#2518,.T.);
#2518 = LINE('',#2519,#2520);
#2519 = CARTESIAN_POINT('',(1.016,1.27,0.));
#2520 = VECTOR('',#2521,1.);
#2521 = DIRECTION('',(-1.,0.,0.));
#2522 = PLANE('',#2523);
#2523 = AXIS2_PLACEMENT_3D('',#2524,#2525,#2526);
#2524 = CARTESIAN_POINT('',(1.016,1.27,0.));
#2525 = DIRECTION('',(0.,-1.,0.));
#2526 = DIRECTION('',(-1.,0.,0.));
#2527 = ADVANCED_FACE('',(#2528),#2553,.F.);
#2528 = FACE_BOUND('',#2529,.F.);
#2529 = EDGE_LOOP('',(#2530,#2531,#2539,#2547));
#2530 = ORIENTED_EDGE('',*,*,#2478,.T.);
#2531 = ORIENTED_EDGE('',*,*,#2532,.T.);
#2532 = EDGE_CURVE('',#2471,#2533,#2535,.T.);
#2533 = VERTEX_POINT('',#2534);
#2534 = CARTESIAN_POINT('',(-1.27,-1.016,2.54));
#2535 = LINE('',#2536,#2537);
#2536 = CARTESIAN_POINT('',(-1.27,1.016,2.54));
#2537 = VECTOR('',#2538,1.);
#2538 = DIRECTION('',(0.,-1.,0.));
#2539 = ORIENTED_EDGE('',*,*,#2540,.F.);
#2540 = EDGE_CURVE('',#2541,#2533,#2543,.T.);
#2541 = VERTEX_POINT('',#2542);
#2542 = CARTESIAN_POINT('',(-1.27,-1.016,0.));
#2543 = LINE('',#2544,#2545);
#2544 = CARTESIAN_POINT('',(-1.27,-1.016,0.));
#2545 = VECTOR('',#2546,1.);
#2546 = DIRECTION('',(0.,0.,1.));
#2547 = ORIENTED_EDGE('',*,*,#2548,.F.);
#2548 = EDGE_CURVE('',#2479,#2541,#2549,.T.);
#2549 = LINE('',#2550,#2551);
#2550 = CARTESIAN_POINT('',(-1.27,1.016,0.));
#2551 = VECTOR('',#2552,1.);
#2552 = DIRECTION('',(0.,-1.,0.));
#2553 = PLANE('',#2554);
#2554 = AXIS2_PLACEMENT_3D('',#2555,#2556,#2557);
#2555 = CARTESIAN_POINT('',(-1.27,1.016,0.));
#2556 = DIRECTION('',(1.,0.,0.));
#2557 = DIRECTION('',(0.,-1.,0.));
#2558 = ADVANCED_FACE('',(#2559,#2650,#2684),#2718,.F.);
#2559 = FACE_BOUND('',#2560,.F.);
#2560 = EDGE_LOOP('',(#2561,#2562,#2563,#2571,#2579,#2587,#2595,#2603,
    #2611,#2619,#2627,#2635,#2643,#2649));
#2561 = ORIENTED_EDGE('',*,*,#2486,.T.);
#2562 = ORIENTED_EDGE('',*,*,#2548,.T.);
#2563 = ORIENTED_EDGE('',*,*,#2564,.T.);
#2564 = EDGE_CURVE('',#2541,#2565,#2567,.T.);
#2565 = VERTEX_POINT('',#2566);
#2566 = CARTESIAN_POINT('',(-1.016,-1.27,0.));
#2567 = LINE('',#2568,#2569);
#2568 = CARTESIAN_POINT('',(-1.27,-1.016,0.));
#2569 = VECTOR('',#2570,1.);
#2570 = DIRECTION('',(0.707106781187,-0.707106781187,0.));
#2571 = ORIENTED_EDGE('',*,*,#2572,.T.);
#2572 = EDGE_CURVE('',#2565,#2573,#2575,.T.);
#2573 = VERTEX_POINT('',#2574);
#2574 = CARTESIAN_POINT('',(-1.27,-1.524,0.));
#2575 = LINE('',#2576,#2577);
#2576 = CARTESIAN_POINT('',(-1.016,-1.27,0.));
#2577 = VECTOR('',#2578,1.);
#2578 = DIRECTION('',(-0.707106781187,-0.707106781187,0.));
#2579 = ORIENTED_EDGE('',*,*,#2580,.T.);
#2580 = EDGE_CURVE('',#2573,#2581,#2583,.T.);
#2581 = VERTEX_POINT('',#2582);
#2582 = CARTESIAN_POINT('',(-1.27,-3.556,0.));
#2583 = LINE('',#2584,#2585);
#2584 = CARTESIAN_POINT('',(-1.27,-1.524,0.));
#2585 = VECTOR('',#2586,1.);
#2586 = DIRECTION('',(0.,-1.,0.));
#2587 = ORIENTED_EDGE('',*,*,#2588,.T.);
#2588 = EDGE_CURVE('',#2581,#2589,#2591,.T.);
#2589 = VERTEX_POINT('',#2590);
#2590 = CARTESIAN_POINT('',(-1.016,-3.81,0.));
#2591 = LINE('',#2592,#2593);
#2592 = CARTESIAN_POINT('',(-1.27,-3.556,0.));
#2593 = VECTOR('',#2594,1.);
#2594 = DIRECTION('',(0.707106781187,-0.707106781187,0.));
#2595 = ORIENTED_EDGE('',*,*,#2596,.T.);
#2596 = EDGE_CURVE('',#2589,#2597,#2599,.T.);
#2597 = VERTEX_POINT('',#2598);
#2598 = CARTESIAN_POINT('',(1.016,-3.81,0.));
#2599 = LINE('',#2600,#2601);
#2600 = CARTESIAN_POINT('',(-1.016,-3.81,0.));
#2601 = VECTOR('',#2602,1.);
#2602 = DIRECTION('',(1.,0.,0.));
#2603 = ORIENTED_EDGE('',*,*,#2604,.T.);
#2604 = EDGE_CURVE('',#2597,#2605,#2607,.T.);
#2605 = VERTEX_POINT('',#2606);
#2606 = CARTESIAN_POINT('',(1.27,-3.556,0.));
#2607 = LINE('',#2608,#2609);
#2608 = CARTESIAN_POINT('',(1.016,-3.81,0.));
#2609 = VECTOR('',#2610,1.);
#2610 = DIRECTION('',(0.707106781187,0.707106781187,0.));
#2611 = ORIENTED_EDGE('',*,*,#2612,.T.);
#2612 = EDGE_CURVE('',#2605,#2613,#2615,.T.);
#2613 = VERTEX_POINT('',#2614);
#2614 = CARTESIAN_POINT('',(1.27,-1.524,0.));
#2615 = LINE('',#2616,#2617);
#2616 = CARTESIAN_POINT('',(1.27,-3.556,0.));
#2617 = VECTOR('',#2618,1.);
#2618 = DIRECTION('',(0.,1.,0.));
#2619 = ORIENTED_EDGE('',*,*,#2620,.T.);
#2620 = EDGE_CURVE('',#2613,#2621,#2623,.T.);
#2621 = VERTEX_POINT('',#2622);
#2622 = CARTESIAN_POINT('',(1.016,-1.27,0.));
#2623 = LINE('',#2624,#2625);
#2624 = CARTESIAN_POINT('',(1.27,-1.524,0.));
#2625 = VECTOR('',#2626,1.);
#2626 = DIRECTION('',(-0.707106781187,0.707106781187,0.));
#2627 = ORIENTED_EDGE('',*,*,#2628,.T.);
#2628 = EDGE_CURVE('',#2621,#2629,#2631,.T.);
#2629 = VERTEX_POINT('',#2630);
#2630 = CARTESIAN_POINT('',(1.27,-1.016,0.));
#2631 = LINE('',#2632,#2633);
#2632 = CARTESIAN_POINT('',(1.016,-1.27,0.));
#2633 = VECTOR('',#2634,1.);
#2634 = DIRECTION('',(0.707106781187,0.707106781187,0.));
#2635 = ORIENTED_EDGE('',*,*,#2636,.T.);
#2636 = EDGE_CURVE('',#2629,#2637,#2639,.T.);
#2637 = VERTEX_POINT('',#2638);
#2638 = CARTESIAN_POINT('',(1.27,1.016,0.));
#2639 = LINE('',#2640,#2641);
#2640 = CARTESIAN_POINT('',(1.27,-1.016,0.));
#2641 = VECTOR('',#2642,1.);
#2642 = DIRECTION('',(0.,1.,0.));
#2643 = ORIENTED_EDGE('',*,*,#2644,.T.);
#2644 = EDGE_CURVE('',#2637,#2501,#2645,.T.);
#2645 = LINE('',#2646,#2647);
#2646 = CARTESIAN_POINT('',(1.27,1.016,0.));
#2647 = VECTOR('',#2648,1.);
#2648 = DIRECTION('',(-0.707106781187,0.707106781187,0.));
#2649 = ORIENTED_EDGE('',*,*,#2517,.T.);
#2650 = FACE_BOUND('',#2651,.F.);
#2651 = EDGE_LOOP('',(#2652,#2662,#2670,#2678));
#2652 = ORIENTED_EDGE('',*,*,#2653,.T.);
#2653 = EDGE_CURVE('',#2654,#2656,#2658,.T.);
#2654 = VERTEX_POINT('',#2655);
#2655 = CARTESIAN_POINT('',(0.32,-0.32,0.));
#2656 = VERTEX_POINT('',#2657);
#2657 = CARTESIAN_POINT('',(-0.32,-0.32,0.));
#2658 = LINE('',#2659,#2660);
#2659 = CARTESIAN_POINT('',(-0.16,-0.32,0.));
#2660 = VECTOR('',#2661,1.);
#2661 = DIRECTION('',(-1.,0.,0.));
#2662 = ORIENTED_EDGE('',*,*,#2663,.T.);
#2663 = EDGE_CURVE('',#2656,#2664,#2666,.T.);
#2664 = VERTEX_POINT('',#2665);
#2665 = CARTESIAN_POINT('',(-0.32,0.32,0.));
#2666 = LINE('',#2667,#2668);
#2667 = CARTESIAN_POINT('',(-0.32,-0.795,0.));
#2668 = VECTOR('',#2669,1.);
#2669 = DIRECTION('',(0.,1.,0.));
#2670 = ORIENTED_EDGE('',*,*,#2671,.F.);
#2671 = EDGE_CURVE('',#2672,#2664,#2674,.T.);
#2672 = VERTEX_POINT('',#2673);
#2673 = CARTESIAN_POINT('',(0.32,0.32,0.));
#2674 = LINE('',#2675,#2676);
#2675 = CARTESIAN_POINT('',(-0.16,0.32,0.));
#2676 = VECTOR('',#2677,1.);
#2677 = DIRECTION('',(-1.,0.,0.));
#2678 = ORIENTED_EDGE('',*,*,#2679,.F.);
#2679 = EDGE_CURVE('',#2654,#2672,#2680,.T.);
#2680 = LINE('',#2681,#2682);
#2681 = CARTESIAN_POINT('',(0.32,-0.795,0.));
#2682 = VECTOR('',#2683,1.);
#2683 = DIRECTION('',(0.,1.,0.));
#2684 = FACE_BOUND('',#2685,.F.);
#2685 = EDGE_LOOP('',(#2686,#2696,#2704,#2712));
#2686 = ORIENTED_EDGE('',*,*,#2687,.T.);
#2687 = EDGE_CURVE('',#2688,#2690,#2692,.T.);
#2688 = VERTEX_POINT('',#2689);
#2689 = CARTESIAN_POINT('',(0.32,-2.86,0.));
#2690 = VERTEX_POINT('',#2691);
#2691 = CARTESIAN_POINT('',(-0.32,-2.86,0.));
#2692 = LINE('',#2693,#2694);
#2693 = CARTESIAN_POINT('',(-0.16,-2.86,0.));
#2694 = VECTOR('',#2695,1.);
#2695 = DIRECTION('',(-1.,0.,0.));
#2696 = ORIENTED_EDGE('',*,*,#2697,.T.);
#2697 = EDGE_CURVE('',#2690,#2698,#2700,.T.);
#2698 = VERTEX_POINT('',#2699);
#2699 = CARTESIAN_POINT('',(-0.32,-2.22,0.));
#2700 = LINE('',#2701,#2702);
#2701 = CARTESIAN_POINT('',(-0.32,-2.065,0.));
#2702 = VECTOR('',#2703,1.);
#2703 = DIRECTION('',(0.,1.,0.));
#2704 = ORIENTED_EDGE('',*,*,#2705,.F.);
#2705 = EDGE_CURVE('',#2706,#2698,#2708,.T.);
#2706 = VERTEX_POINT('',#2707);
#2707 = CARTESIAN_POINT('',(0.32,-2.22,0.));
#2708 = LINE('',#2709,#2710);
#2709 = CARTESIAN_POINT('',(-0.16,-2.22,0.));
#2710 = VECTOR('',#2711,1.);
#2711 = DIRECTION('',(-1.,0.,0.));
#2712 = ORIENTED_EDGE('',*,*,#2713,.F.);
#2713 = EDGE_CURVE('',#2688,#2706,#2714,.T.);
#2714 = LINE('',#2715,#2716);
#2715 = CARTESIAN_POINT('',(0.32,-2.065,0.));
#2716 = VECTOR('',#2717,1.);
#2717 = DIRECTION('',(0.,1.,0.));
#2718 = PLANE('',#2719);
#2719 = AXIS2_PLACEMENT_3D('',#2720,#2721,#2722);
#2720 = CARTESIAN_POINT('',(1.473843703412E-17,-1.27,0.));
#2721 = DIRECTION('',(0.,0.,1.));
#2722 = DIRECTION('',(1.,0.,-0.));
#2723 = ADVANCED_FACE('',(#2724,#2815,#2849),#2883,.T.);
#2724 = FACE_BOUND('',#2725,.T.);
#2725 = EDGE_LOOP('',(#2726,#2727,#2728,#2736,#2744,#2752,#2760,#2768,
    #2776,#2784,#2792,#2800,#2808,#2814));
#2726 = ORIENTED_EDGE('',*,*,#2470,.T.);
#2727 = ORIENTED_EDGE('',*,*,#2532,.T.);
#2728 = ORIENTED_EDGE('',*,*,#2729,.T.);
#2729 = EDGE_CURVE('',#2533,#2730,#2732,.T.);
#2730 = VERTEX_POINT('',#2731);
#2731 = CARTESIAN_POINT('',(-1.016,-1.27,2.54));
#2732 = LINE('',#2733,#2734);
#2733 = CARTESIAN_POINT('',(-1.27,-1.016,2.54));
#2734 = VECTOR('',#2735,1.);
#2735 = DIRECTION('',(0.707106781187,-0.707106781187,0.));
#2736 = ORIENTED_EDGE('',*,*,#2737,.T.);
#2737 = EDGE_CURVE('',#2730,#2738,#2740,.T.);
#2738 = VERTEX_POINT('',#2739);
#2739 = CARTESIAN_POINT('',(-1.27,-1.524,2.54));
#2740 = LINE('',#2741,#2742);
#2741 = CARTESIAN_POINT('',(-1.016,-1.27,2.54));
#2742 = VECTOR('',#2743,1.);
#2743 = DIRECTION('',(-0.707106781187,-0.707106781187,0.));
#2744 = ORIENTED_EDGE('',*,*,#2745,.T.);
#2745 = EDGE_CURVE('',#2738,#2746,#2748,.T.);
#2746 = VERTEX_POINT('',#2747);
#2747 = CARTESIAN_POINT('',(-1.27,-3.556,2.54));
#2748 = LINE('',#2749,#2750);
#2749 = CARTESIAN_POINT('',(-1.27,-1.524,2.54));
#2750 = VECTOR('',#2751,1.);
#2751 = DIRECTION('',(0.,-1.,0.));
#2752 = ORIENTED_EDGE('',*,*,#2753,.T.);
#2753 = EDGE_CURVE('',#2746,#2754,#2756,.T.);
#2754 = VERTEX_POINT('',#2755);
#2755 = CARTESIAN_POINT('',(-1.016,-3.81,2.54));
#2756 = LINE('',#2757,#2758);
#2757 = CARTESIAN_POINT('',(-1.27,-3.556,2.54));
#2758 = VECTOR('',#2759,1.);
#2759 = DIRECTION('',(0.707106781187,-0.707106781187,0.));
#2760 = ORIENTED_EDGE('',*,*,#2761,.T.);
#2761 = EDGE_CURVE('',#2754,#2762,#2764,.T.);
#2762 = VERTEX_POINT('',#2763);
#2763 = CARTESIAN_POINT('',(1.016,-3.81,2.54));
#2764 = LINE('',#2765,#2766);
#2765 = CARTESIAN_POINT('',(-1.016,-3.81,2.54));
#2766 = VECTOR('',#2767,1.);
#2767 = DIRECTION('',(1.,0.,0.));
#2768 = ORIENTED_EDGE('',*,*,#2769,.T.);
#2769 = EDGE_CURVE('',#2762,#2770,#2772,.T.);
#2770 = VERTEX_POINT('',#2771);
#2771 = CARTESIAN_POINT('',(1.27,-3.556,2.54));
#2772 = LINE('',#2773,#2774);
#2773 = CARTESIAN_POINT('',(1.016,-3.81,2.54));
#2774 = VECTOR('',#2775,1.);
#2775 = DIRECTION('',(0.707106781187,0.707106781187,0.));
#2776 = ORIENTED_EDGE('',*,*,#2777,.T.);
#2777 = EDGE_CURVE('',#2770,#2778,#2780,.T.);
#2778 = VERTEX_POINT('',#2779);
#2779 = CARTESIAN_POINT('',(1.27,-1.524,2.54));
#2780 = LINE('',#2781,#2782);
#2781 = CARTESIAN_POINT('',(1.27,-3.556,2.54));
#2782 = VECTOR('',#2783,1.);
#2783 = DIRECTION('',(0.,1.,0.));
#2784 = ORIENTED_EDGE('',*,*,#2785,.T.);
#2785 = EDGE_CURVE('',#2778,#2786,#2788,.T.);
#2786 = VERTEX_POINT('',#2787);
#2787 = CARTESIAN_POINT('',(1.016,-1.27,2.54));
#2788 = LINE('',#2789,#2790);
#2789 = CARTESIAN_POINT('',(1.27,-1.524,2.54));
#2790 = VECTOR('',#2791,1.);
#2791 = DIRECTION('',(-0.707106781187,0.707106781187,0.));
#2792 = ORIENTED_EDGE('',*,*,#2793,.T.);
#2793 = EDGE_CURVE('',#2786,#2794,#2796,.T.);
#2794 = VERTEX_POINT('',#2795);
#2795 = CARTESIAN_POINT('',(1.27,-1.016,2.54));
#2796 = LINE('',#2797,#2798);
#2797 = CARTESIAN_POINT('',(1.016,-1.27,2.54));
#2798 = VECTOR('',#2799,1.);
#2799 = DIRECTION('',(0.707106781187,0.707106781187,0.));
#2800 = ORIENTED_EDGE('',*,*,#2801,.T.);
#2801 = EDGE_CURVE('',#2794,#2802,#2804,.T.);
#2802 = VERTEX_POINT('',#2803);
#2803 = CARTESIAN_POINT('',(1.27,1.016,2.54));
#2804 = LINE('',#2805,#2806);
#2805 = CARTESIAN_POINT('',(1.27,-1.016,2.54));
#2806 = VECTOR('',#2807,1.);
#2807 = DIRECTION('',(0.,1.,0.));
#2808 = ORIENTED_EDGE('',*,*,#2809,.T.);
#2809 = EDGE_CURVE('',#2802,#2503,#2810,.T.);
#2810 = LINE('',#2811,#2812);
#2811 = CARTESIAN_POINT('',(1.27,1.016,2.54));
#2812 = VECTOR('',#2813,1.);
#2813 = DIRECTION('',(-0.707106781187,0.707106781187,0.));
#2814 = ORIENTED_EDGE('',*,*,#2510,.T.);
#2815 = FACE_BOUND('',#2816,.T.);
#2816 = EDGE_LOOP('',(#2817,#2827,#2835,#2843));
#2817 = ORIENTED_EDGE('',*,*,#2818,.T.);
#2818 = EDGE_CURVE('',#2819,#2821,#2823,.T.);
#2819 = VERTEX_POINT('',#2820);
#2820 = CARTESIAN_POINT('',(0.32,-0.32,2.54));
#2821 = VERTEX_POINT('',#2822);
#2822 = CARTESIAN_POINT('',(-0.32,-0.32,2.54));
#2823 = LINE('',#2824,#2825);
#2824 = CARTESIAN_POINT('',(-0.16,-0.32,2.54));
#2825 = VECTOR('',#2826,1.);
#2826 = DIRECTION('',(-1.,0.,0.));
#2827 = ORIENTED_EDGE('',*,*,#2828,.T.);
#2828 = EDGE_CURVE('',#2821,#2829,#2831,.T.);
#2829 = VERTEX_POINT('',#2830);
#2830 = CARTESIAN_POINT('',(-0.32,0.32,2.54));
#2831 = LINE('',#2832,#2833);
#2832 = CARTESIAN_POINT('',(-0.32,-0.795,2.54));
#2833 = VECTOR('',#2834,1.);
#2834 = DIRECTION('',(0.,1.,0.));
#2835 = ORIENTED_EDGE('',*,*,#2836,.F.);
#2836 = EDGE_CURVE('',#2837,#2829,#2839,.T.);
#2837 = VERTEX_POINT('',#2838);
#2838 = CARTESIAN_POINT('',(0.32,0.32,2.54));
#2839 = LINE('',#2840,#2841);
#2840 = CARTESIAN_POINT('',(-0.16,0.32,2.54));
#2841 = VECTOR('',#2842,1.);
#2842 = DIRECTION('',(-1.,0.,0.));
#2843 = ORIENTED_EDGE('',*,*,#2844,.F.);
#2844 = EDGE_CURVE('',#2819,#2837,#2845,.T.);
#2845 = LINE('',#2846,#2847);
#2846 = CARTESIAN_POINT('',(0.32,-0.795,2.54));
#2847 = VECTOR('',#2848,1.);
#2848 = DIRECTION('',(0.,1.,0.));
#2849 = FACE_BOUND('',#2850,.T.);
#2850 = EDGE_LOOP('',(#2851,#2861,#2869,#2877));
#2851 = ORIENTED_EDGE('',*,*,#2852,.T.);
#2852 = EDGE_CURVE('',#2853,#2855,#2857,.T.);
#2853 = VERTEX_POINT('',#2854);
#2854 = CARTESIAN_POINT('',(0.32,-2.86,2.54));
#2855 = VERTEX_POINT('',#2856);
#2856 = CARTESIAN_POINT('',(-0.32,-2.86,2.54));
#2857 = LINE('',#2858,#2859);
#2858 = CARTESIAN_POINT('',(-0.16,-2.86,2.54));
#2859 = VECTOR('',#2860,1.);
#2860 = DIRECTION('',(-1.,0.,0.));
#2861 = ORIENTED_EDGE('',*,*,#2862,.T.);
#2862 = EDGE_CURVE('',#2855,#2863,#2865,.T.);
#2863 = VERTEX_POINT('',#2864);
#2864 = CARTESIAN_POINT('',(-0.32,-2.22,2.54));
#2865 = LINE('',#2866,#2867);
#2866 = CARTESIAN_POINT('',(-0.32,-2.065,2.54));
#2867 = VECTOR('',#2868,1.);
#2868 = DIRECTION('',(0.,1.,0.));
#2869 = ORIENTED_EDGE('',*,*,#2870,.F.);
#2870 = EDGE_CURVE('',#2871,#2863,#2873,.T.);
#2871 = VERTEX_POINT('',#2872);
#2872 = CARTESIAN_POINT('',(0.32,-2.22,2.54));
#2873 = LINE('',#2874,#2875);
#2874 = CARTESIAN_POINT('',(-0.16,-2.22,2.54));
#2875 = VECTOR('',#2876,1.);
#2876 = DIRECTION('',(-1.,0.,0.));
#2877 = ORIENTED_EDGE('',*,*,#2878,.F.);
#2878 = EDGE_CURVE('',#2853,#2871,#2879,.T.);
#2879 = LINE('',#2880,#2881);
#2880 = CARTESIAN_POINT('',(0.32,-2.065,2.54));
#2881 = VECTOR('',#2882,1.);
#2882 = DIRECTION('',(0.,1.,0.));
#2883 = PLANE('',#2884);
#2884 = AXIS2_PLACEMENT_3D('',#2885,#2886,#2887);
#2885 = CARTESIAN_POINT('',(1.473843703412E-17,-1.27,2.54));
#2886 = DIRECTION('',(0.,0.,1.));
#2887 = DIRECTION('',(1.,0.,-0.));
#2888 = ADVANCED_FACE('',(#2889),#2900,.F.);
#2889 = FACE_BOUND('',#2890,.F.);
#2890 = EDGE_LOOP('',(#2891,#2897,#2898,#2899));
#2891 = ORIENTED_EDGE('',*,*,#2892,.T.);
#2892 = EDGE_CURVE('',#2637,#2802,#2893,.T.);
#2893 = LINE('',#2894,#2895);
#2894 = CARTESIAN_POINT('',(1.27,1.016,0.));
#2895 = VECTOR('',#2896,1.);
#2896 = DIRECTION('',(0.,0.,1.));
#2897 = ORIENTED_EDGE('',*,*,#2809,.T.);
#2898 = ORIENTED_EDGE('',*,*,#2500,.F.);
#2899 = ORIENTED_EDGE('',*,*,#2644,.F.);
#2900 = PLANE('',#2901);
#2901 = AXIS2_PLACEMENT_3D('',#2902,#2903,#2904);
#2902 = CARTESIAN_POINT('',(1.27,1.016,0.));
#2903 = DIRECTION('',(-0.707106781187,-0.707106781187,0.));
#2904 = DIRECTION('',(-0.707106781187,0.707106781187,0.));
#2905 = ADVANCED_FACE('',(#2906),#2917,.F.);
#2906 = FACE_BOUND('',#2907,.F.);
#2907 = EDGE_LOOP('',(#2908,#2909,#2910,#2916));
#2908 = ORIENTED_EDGE('',*,*,#2540,.T.);
#2909 = ORIENTED_EDGE('',*,*,#2729,.T.);
#2910 = ORIENTED_EDGE('',*,*,#2911,.F.);
#2911 = EDGE_CURVE('',#2565,#2730,#2912,.T.);
#2912 = LINE('',#2913,#2914);
#2913 = CARTESIAN_POINT('',(-1.016,-1.27,0.));
#2914 = VECTOR('',#2915,1.);
#2915 = DIRECTION('',(0.,0.,1.));
#2916 = ORIENTED_EDGE('',*,*,#2564,.F.);
#2917 = PLANE('',#2918);
#2918 = AXIS2_PLACEMENT_3D('',#2919,#2920,#2921);
#2919 = CARTESIAN_POINT('',(-1.27,-1.016,0.));
#2920 = DIRECTION('',(0.707106781187,0.707106781187,0.));
#2921 = DIRECTION('',(0.707106781187,-0.707106781187,0.));
#2922 = ADVANCED_FACE('',(#2923),#2934,.F.);
#2923 = FACE_BOUND('',#2924,.F.);
#2924 = EDGE_LOOP('',(#2925,#2931,#2932,#2933));
#2925 = ORIENTED_EDGE('',*,*,#2926,.T.);
#2926 = EDGE_CURVE('',#2629,#2794,#2927,.T.);
#2927 = LINE('',#2928,#2929);
#2928 = CARTESIAN_POINT('',(1.27,-1.016,0.));
#2929 = VECTOR('',#2930,1.);
#2930 = DIRECTION('',(0.,0.,1.));
#2931 = ORIENTED_EDGE('',*,*,#2801,.T.);
#2932 = ORIENTED_EDGE('',*,*,#2892,.F.);
#2933 = ORIENTED_EDGE('',*,*,#2636,.F.);
#2934 = PLANE('',#2935);
#2935 = AXIS2_PLACEMENT_3D('',#2936,#2937,#2938);
#2936 = CARTESIAN_POINT('',(1.27,-1.016,0.));
#2937 = DIRECTION('',(-1.,0.,0.));
#2938 = DIRECTION('',(0.,1.,0.));
#2939 = ADVANCED_FACE('',(#2940),#2951,.F.);
#2940 = FACE_BOUND('',#2941,.F.);
#2941 = EDGE_LOOP('',(#2942,#2943,#2944,#2950));
#2942 = ORIENTED_EDGE('',*,*,#2911,.T.);
#2943 = ORIENTED_EDGE('',*,*,#2737,.T.);
#2944 = ORIENTED_EDGE('',*,*,#2945,.F.);
#2945 = EDGE_CURVE('',#2573,#2738,#2946,.T.);
#2946 = LINE('',#2947,#2948);
#2947 = CARTESIAN_POINT('',(-1.27,-1.524,0.));
#2948 = VECTOR('',#2949,1.);
#2949 = DIRECTION('',(0.,0.,1.));
#2950 = ORIENTED_EDGE('',*,*,#2572,.F.);
#2951 = PLANE('',#2952);
#2952 = AXIS2_PLACEMENT_3D('',#2953,#2954,#2955);
#2953 = CARTESIAN_POINT('',(-1.016,-1.27,0.));
#2954 = DIRECTION('',(0.707106781187,-0.707106781187,0.));
#2955 = DIRECTION('',(-0.707106781187,-0.707106781187,0.));
#2956 = ADVANCED_FACE('',(#2957),#2968,.F.);
#2957 = FACE_BOUND('',#2958,.F.);
#2958 = EDGE_LOOP('',(#2959,#2965,#2966,#2967));
#2959 = ORIENTED_EDGE('',*,*,#2960,.T.);
#2960 = EDGE_CURVE('',#2621,#2786,#2961,.T.);
#2961 = LINE('',#2962,#2963);
#2962 = CARTESIAN_POINT('',(1.016,-1.27,0.));
#2963 = VECTOR('',#2964,1.);
#2964 = DIRECTION('',(0.,0.,1.));
#2965 = ORIENTED_EDGE('',*,*,#2793,.T.);
#2966 = ORIENTED_EDGE('',*,*,#2926,.F.);
#2967 = ORIENTED_EDGE('',*,*,#2628,.F.);
#2968 = PLANE('',#2969);
#2969 = AXIS2_PLACEMENT_3D('',#2970,#2971,#2972);
#2970 = CARTESIAN_POINT('',(1.016,-1.27,0.));
#2971 = DIRECTION('',(-0.707106781187,0.707106781187,0.));
#2972 = DIRECTION('',(0.707106781187,0.707106781187,0.));
#2973 = ADVANCED_FACE('',(#2974),#2985,.F.);
#2974 = FACE_BOUND('',#2975,.F.);
#2975 = EDGE_LOOP('',(#2976,#2977,#2978,#2984));
#2976 = ORIENTED_EDGE('',*,*,#2945,.T.);
#2977 = ORIENTED_EDGE('',*,*,#2745,.T.);
#2978 = ORIENTED_EDGE('',*,*,#2979,.F.);
#2979 = EDGE_CURVE('',#2581,#2746,#2980,.T.);
#2980 = LINE('',#2981,#2982);
#2981 = CARTESIAN_POINT('',(-1.27,-3.556,0.));
#2982 = VECTOR('',#2983,1.);
#2983 = DIRECTION('',(0.,0.,1.));
#2984 = ORIENTED_EDGE('',*,*,#2580,.F.);
#2985 = PLANE('',#2986);
#2986 = AXIS2_PLACEMENT_3D('',#2987,#2988,#2989);
#2987 = CARTESIAN_POINT('',(-1.27,-1.524,0.));
#2988 = DIRECTION('',(1.,0.,0.));
#2989 = DIRECTION('',(0.,-1.,0.));
#2990 = ADVANCED_FACE('',(#2991),#3002,.F.);
#2991 = FACE_BOUND('',#2992,.F.);
#2992 = EDGE_LOOP('',(#2993,#2999,#3000,#3001));
#2993 = ORIENTED_EDGE('',*,*,#2994,.T.);
#2994 = EDGE_CURVE('',#2613,#2778,#2995,.T.);
#2995 = LINE('',#2996,#2997);
#2996 = CARTESIAN_POINT('',(1.27,-1.524,0.));
#2997 = VECTOR('',#2998,1.);
#2998 = DIRECTION('',(0.,0.,1.));
#2999 = ORIENTED_EDGE('',*,*,#2785,.T.);
#3000 = ORIENTED_EDGE('',*,*,#2960,.F.);
#3001 = ORIENTED_EDGE('',*,*,#2620,.F.);
#3002 = PLANE('',#3003);
#3003 = AXIS2_PLACEMENT_3D('',#3004,#3005,#3006);
#3004 = CARTESIAN_POINT('',(1.27,-1.524,0.));
#3005 = DIRECTION('',(-0.707106781187,-0.707106781187,0.));
#3006 = DIRECTION('',(-0.707106781187,0.707106781187,0.));
#3007 = ADVANCED_FACE('',(#3008),#3019,.F.);
#3008 = FACE_BOUND('',#3009,.F.);
#3009 = EDGE_LOOP('',(#3010,#3011,#3012,#3018));
#3010 = ORIENTED_EDGE('',*,*,#2979,.T.);
#3011 = ORIENTED_EDGE('',*,*,#2753,.T.);
#3012 = ORIENTED_EDGE('',*,*,#3013,.F.);
#3013 = EDGE_CURVE('',#2589,#2754,#3014,.T.);
#3014 = LINE('',#3015,#3016);
#3015 = CARTESIAN_POINT('',(-1.016,-3.81,0.));
#3016 = VECTOR('',#3017,1.);
#3017 = DIRECTION('',(0.,0.,1.));
#3018 = ORIENTED_EDGE('',*,*,#2588,.F.);
#3019 = PLANE('',#3020);
#3020 = AXIS2_PLACEMENT_3D('',#3021,#3022,#3023);
#3021 = CARTESIAN_POINT('',(-1.27,-3.556,0.));
#3022 = DIRECTION('',(0.707106781187,0.707106781187,0.));
#3023 = DIRECTION('',(0.707106781187,-0.707106781187,0.));
#3024 = ADVANCED_FACE('',(#3025),#3036,.F.);
#3025 = FACE_BOUND('',#3026,.F.);
#3026 = EDGE_LOOP('',(#3027,#3033,#3034,#3035));
#3027 = ORIENTED_EDGE('',*,*,#3028,.T.);
#3028 = EDGE_CURVE('',#2605,#2770,#3029,.T.);
#3029 = LINE('',#3030,#3031);
#3030 = CARTESIAN_POINT('',(1.27,-3.556,0.));
#3031 = VECTOR('',#3032,1.);
#3032 = DIRECTION('',(0.,0.,1.));
#3033 = ORIENTED_EDGE('',*,*,#2777,.T.);
#3034 = ORIENTED_EDGE('',*,*,#2994,.F.);
#3035 = ORIENTED_EDGE('',*,*,#2612,.F.);
#3036 = PLANE('',#3037);
#3037 = AXIS2_PLACEMENT_3D('',#3038,#3039,#3040);
#3038 = CARTESIAN_POINT('',(1.27,-3.556,0.));
#3039 = DIRECTION('',(-1.,0.,0.));
#3040 = DIRECTION('',(0.,1.,0.));
#3041 = ADVANCED_FACE('',(#3042),#3053,.F.);
#3042 = FACE_BOUND('',#3043,.F.);
#3043 = EDGE_LOOP('',(#3044,#3045,#3046,#3052));
#3044 = ORIENTED_EDGE('',*,*,#3013,.T.);
#3045 = ORIENTED_EDGE('',*,*,#2761,.T.);
#3046 = ORIENTED_EDGE('',*,*,#3047,.F.);
#3047 = EDGE_CURVE('',#2597,#2762,#3048,.T.);
#3048 = LINE('',#3049,#3050);
#3049 = CARTESIAN_POINT('',(1.016,-3.81,0.));
#3050 = VECTOR('',#3051,1.);
#3051 = DIRECTION('',(0.,0.,1.));
#3052 = ORIENTED_EDGE('',*,*,#2596,.F.);
#3053 = PLANE('',#3054);
#3054 = AXIS2_PLACEMENT_3D('',#3055,#3056,#3057);
#3055 = CARTESIAN_POINT('',(-1.016,-3.81,0.));
#3056 = DIRECTION('',(0.,1.,0.));
#3057 = DIRECTION('',(1.,0.,0.));
#3058 = ADVANCED_FACE('',(#3059),#3065,.F.);
#3059 = FACE_BOUND('',#3060,.F.);
#3060 = EDGE_LOOP('',(#3061,#3062,#3063,#3064));
#3061 = ORIENTED_EDGE('',*,*,#3047,.T.);
#3062 = ORIENTED_EDGE('',*,*,#2769,.T.);
#3063 = ORIENTED_EDGE('',*,*,#3028,.F.);
#3064 = ORIENTED_EDGE('',*,*,#2604,.F.);
#3065 = PLANE('',#3066);
#3066 = AXIS2_PLACEMENT_3D('',#3067,#3068,#3069);
#3067 = CARTESIAN_POINT('',(1.016,-3.81,0.));
#3068 = DIRECTION('',(-0.707106781187,0.707106781187,0.));
#3069 = DIRECTION('',(0.707106781187,0.707106781187,0.));
#3070 = ADVANCED_FACE('',(#3071),#3096,.F.);
#3071 = FACE_BOUND('',#3072,.F.);
#3072 = EDGE_LOOP('',(#3073,#3081,#3089,#3095));
#3073 = ORIENTED_EDGE('',*,*,#3074,.F.);
#3074 = EDGE_CURVE('',#3075,#2654,#3077,.T.);
#3075 = VERTEX_POINT('',#3076);
#3076 = CARTESIAN_POINT('',(0.32,-0.32,-2.84));
#3077 = LINE('',#3078,#3079);
#3078 = CARTESIAN_POINT('',(0.32,-0.32,-3.));
#3079 = VECTOR('',#3080,1.);
#3080 = DIRECTION('',(0.,0.,1.));
#3081 = ORIENTED_EDGE('',*,*,#3082,.F.);
#3082 = EDGE_CURVE('',#3083,#3075,#3085,.T.);
#3083 = VERTEX_POINT('',#3084);
#3084 = CARTESIAN_POINT('',(-0.32,-0.32,-2.84));
#3085 = LINE('',#3086,#3087);
#3086 = CARTESIAN_POINT('',(-0.32,-0.32,-2.84));
#3087 = VECTOR('',#3088,1.);
#3088 = DIRECTION('',(1.,0.,0.));
#3089 = ORIENTED_EDGE('',*,*,#3090,.T.);
#3090 = EDGE_CURVE('',#3083,#2656,#3091,.T.);
#3091 = LINE('',#3092,#3093);
#3092 = CARTESIAN_POINT('',(-0.32,-0.32,-3.));
#3093 = VECTOR('',#3094,1.);
#3094 = DIRECTION('',(0.,0.,1.));
#3095 = ORIENTED_EDGE('',*,*,#2653,.F.);
#3096 = PLANE('',#3097);
#3097 = AXIS2_PLACEMENT_3D('',#3098,#3099,#3100);
#3098 = CARTESIAN_POINT('',(-0.32,-0.32,-3.));
#3099 = DIRECTION('',(0.,1.,0.));
#3100 = DIRECTION('',(0.,-0.,1.));
#3101 = ADVANCED_FACE('',(#3102),#3120,.T.);
#3102 = FACE_BOUND('',#3103,.T.);
#3103 = EDGE_LOOP('',(#3104,#3105,#3113,#3119));
#3104 = ORIENTED_EDGE('',*,*,#3074,.F.);
#3105 = ORIENTED_EDGE('',*,*,#3106,.T.);
#3106 = EDGE_CURVE('',#3075,#3107,#3109,.T.);
#3107 = VERTEX_POINT('',#3108);
#3108 = CARTESIAN_POINT('',(0.32,0.32,-2.84));
#3109 = LINE('',#3110,#3111);
#3110 = CARTESIAN_POINT('',(0.32,-0.32,-2.84));
#3111 = VECTOR('',#3112,1.);
#3112 = DIRECTION('',(0.,1.,0.));
#3113 = ORIENTED_EDGE('',*,*,#3114,.T.);
#3114 = EDGE_CURVE('',#3107,#2672,#3115,.T.);
#3115 = LINE('',#3116,#3117);
#3116 = CARTESIAN_POINT('',(0.32,0.32,-3.));
#3117 = VECTOR('',#3118,1.);
#3118 = DIRECTION('',(0.,0.,1.));
#3119 = ORIENTED_EDGE('',*,*,#2679,.F.);
#3120 = PLANE('',#3121);
#3121 = AXIS2_PLACEMENT_3D('',#3122,#3123,#3124);
#3122 = CARTESIAN_POINT('',(0.32,-0.32,-3.));
#3123 = DIRECTION('',(1.,0.,0.));
#3124 = DIRECTION('',(0.,0.,1.));
#3125 = ADVANCED_FACE('',(#3126),#3144,.T.);
#3126 = FACE_BOUND('',#3127,.T.);
#3127 = EDGE_LOOP('',(#3128,#3129,#3137,#3143));
#3128 = ORIENTED_EDGE('',*,*,#3114,.F.);
#3129 = ORIENTED_EDGE('',*,*,#3130,.F.);
#3130 = EDGE_CURVE('',#3131,#3107,#3133,.T.);
#3131 = VERTEX_POINT('',#3132);
#3132 = CARTESIAN_POINT('',(-0.32,0.32,-2.84));
#3133 = LINE('',#3134,#3135);
#3134 = CARTESIAN_POINT('',(-0.32,0.32,-2.84));
#3135 = VECTOR('',#3136,1.);
#3136 = DIRECTION('',(1.,0.,0.));
#3137 = ORIENTED_EDGE('',*,*,#3138,.T.);
#3138 = EDGE_CURVE('',#3131,#2664,#3139,.T.);
#3139 = LINE('',#3140,#3141);
#3140 = CARTESIAN_POINT('',(-0.32,0.32,-3.));
#3141 = VECTOR('',#3142,1.);
#3142 = DIRECTION('',(0.,0.,1.));
#3143 = ORIENTED_EDGE('',*,*,#2671,.F.);
#3144 = PLANE('',#3145);
#3145 = AXIS2_PLACEMENT_3D('',#3146,#3147,#3148);
#3146 = CARTESIAN_POINT('',(-0.32,0.32,-3.));
#3147 = DIRECTION('',(0.,1.,0.));
#3148 = DIRECTION('',(0.,-0.,1.));
#3149 = ADVANCED_FACE('',(#3150),#3161,.F.);
#3150 = FACE_BOUND('',#3151,.F.);
#3151 = EDGE_LOOP('',(#3152,#3153,#3159,#3160));
#3152 = ORIENTED_EDGE('',*,*,#3090,.F.);
#3153 = ORIENTED_EDGE('',*,*,#3154,.T.);
#3154 = EDGE_CURVE('',#3083,#3131,#3155,.T.);
#3155 = LINE('',#3156,#3157);
#3156 = CARTESIAN_POINT('',(-0.32,-0.32,-2.84));
#3157 = VECTOR('',#3158,1.);
#3158 = DIRECTION('',(0.,1.,0.));
#3159 = ORIENTED_EDGE('',*,*,#3138,.T.);
#3160 = ORIENTED_EDGE('',*,*,#2663,.F.);
#3161 = PLANE('',#3162);
#3162 = AXIS2_PLACEMENT_3D('',#3163,#3164,#3165);
#3163 = CARTESIAN_POINT('',(-0.32,-0.32,-3.));
#3164 = DIRECTION('',(1.,0.,0.));
#3165 = DIRECTION('',(0.,0.,1.));
#3166 = ADVANCED_FACE('',(#3167),#3192,.F.);
#3167 = FACE_BOUND('',#3168,.F.);
#3168 = EDGE_LOOP('',(#3169,#3177,#3185,#3191));
#3169 = ORIENTED_EDGE('',*,*,#3170,.F.);
#3170 = EDGE_CURVE('',#3171,#2688,#3173,.T.);
#3171 = VERTEX_POINT('',#3172);
#3172 = CARTESIAN_POINT('',(0.32,-2.86,-2.84));
#3173 = LINE('',#3174,#3175);
#3174 = CARTESIAN_POINT('',(0.32,-2.86,-3.));
#3175 = VECTOR('',#3176,1.);
#3176 = DIRECTION('',(0.,0.,1.));
#3177 = ORIENTED_EDGE('',*,*,#3178,.F.);
#3178 = EDGE_CURVE('',#3179,#3171,#3181,.T.);
#3179 = VERTEX_POINT('',#3180);
#3180 = CARTESIAN_POINT('',(-0.32,-2.86,-2.84));
#3181 = LINE('',#3182,#3183);
#3182 = CARTESIAN_POINT('',(-0.32,-2.86,-2.84));
#3183 = VECTOR('',#3184,1.);
#3184 = DIRECTION('',(1.,0.,0.));
#3185 = ORIENTED_EDGE('',*,*,#3186,.T.);
#3186 = EDGE_CURVE('',#3179,#2690,#3187,.T.);
#3187 = LINE('',#3188,#3189);
#3188 = CARTESIAN_POINT('',(-0.32,-2.86,-3.));
#3189 = VECTOR('',#3190,1.);
#3190 = DIRECTION('',(0.,0.,1.));
#3191 = ORIENTED_EDGE('',*,*,#2687,.F.);
#3192 = PLANE('',#3193);
#3193 = AXIS2_PLACEMENT_3D('',#3194,#3195,#3196);
#3194 = CARTESIAN_POINT('',(-0.32,-2.86,-3.));
#3195 = DIRECTION('',(0.,1.,0.));
#3196 = DIRECTION('',(0.,-0.,1.));
#3197 = ADVANCED_FACE('',(#3198),#3216,.T.);
#3198 = FACE_BOUND('',#3199,.T.);
#3199 = EDGE_LOOP('',(#3200,#3201,#3209,#3215));
#3200 = ORIENTED_EDGE('',*,*,#3170,.F.);
#3201 = ORIENTED_EDGE('',*,*,#3202,.T.);
#3202 = EDGE_CURVE('',#3171,#3203,#3205,.T.);
#3203 = VERTEX_POINT('',#3204);
#3204 = CARTESIAN_POINT('',(0.32,-2.22,-2.84));
#3205 = LINE('',#3206,#3207);
#3206 = CARTESIAN_POINT('',(0.32,-2.86,-2.84));
#3207 = VECTOR('',#3208,1.);
#3208 = DIRECTION('',(0.,1.,0.));
#3209 = ORIENTED_EDGE('',*,*,#3210,.T.);
#3210 = EDGE_CURVE('',#3203,#2706,#3211,.T.);
#3211 = LINE('',#3212,#3213);
#3212 = CARTESIAN_POINT('',(0.32,-2.22,-3.));
#3213 = VECTOR('',#3214,1.);
#3214 = DIRECTION('',(0.,0.,1.));
#3215 = ORIENTED_EDGE('',*,*,#2713,.F.);
#3216 = PLANE('',#3217);
#3217 = AXIS2_PLACEMENT_3D('',#3218,#3219,#3220);
#3218 = CARTESIAN_POINT('',(0.32,-2.86,-3.));
#3219 = DIRECTION('',(1.,0.,0.));
#3220 = DIRECTION('',(0.,0.,1.));
#3221 = ADVANCED_FACE('',(#3222),#3240,.T.);
#3222 = FACE_BOUND('',#3223,.T.);
#3223 = EDGE_LOOP('',(#3224,#3225,#3233,#3239));
#3224 = ORIENTED_EDGE('',*,*,#3210,.F.);
#3225 = ORIENTED_EDGE('',*,*,#3226,.F.);
#3226 = EDGE_CURVE('',#3227,#3203,#3229,.T.);
#3227 = VERTEX_POINT('',#3228);
#3228 = CARTESIAN_POINT('',(-0.32,-2.22,-2.84));
#3229 = LINE('',#3230,#3231);
#3230 = CARTESIAN_POINT('',(-0.32,-2.22,-2.84));
#3231 = VECTOR('',#3232,1.);
#3232 = DIRECTION('',(1.,0.,0.));
#3233 = ORIENTED_EDGE('',*,*,#3234,.T.);
#3234 = EDGE_CURVE('',#3227,#2698,#3235,.T.);
#3235 = LINE('',#3236,#3237);
#3236 = CARTESIAN_POINT('',(-0.32,-2.22,-3.));
#3237 = VECTOR('',#3238,1.);
#3238 = DIRECTION('',(0.,0.,1.));
#3239 = ORIENTED_EDGE('',*,*,#2705,.F.);
#3240 = PLANE('',#3241);
#3241 = AXIS2_PLACEMENT_3D('',#3242,#3243,#3244);
#3242 = CARTESIAN_POINT('',(-0.32,-2.22,-3.));
#3243 = DIRECTION('',(0.,1.,0.));
#3244 = DIRECTION('',(0.,-0.,1.));
#3245 = ADVANCED_FACE('',(#3246),#3257,.F.);
#3246 = FACE_BOUND('',#3247,.F.);
#3247 = EDGE_LOOP('',(#3248,#3249,#3255,#3256));
#3248 = ORIENTED_EDGE('',*,*,#3186,.F.);
#3249 = ORIENTED_EDGE('',*,*,#3250,.T.);
#3250 = EDGE_CURVE('',#3179,#3227,#3251,.T.);
#3251 = LINE('',#3252,#3253);
#3252 = CARTESIAN_POINT('',(-0.32,-2.86,-2.84));
#3253 = VECTOR('',#3254,1.);
#3254 = DIRECTION('',(0.,1.,0.));
#3255 = ORIENTED_EDGE('',*,*,#3234,.T.);
#3256 = ORIENTED_EDGE('',*,*,#2697,.F.);
#3257 = PLANE('',#3258);
#3258 = AXIS2_PLACEMENT_3D('',#3259,#3260,#3261);
#3259 = CARTESIAN_POINT('',(-0.32,-2.86,-3.));
#3260 = DIRECTION('',(1.,0.,0.));
#3261 = DIRECTION('',(0.,0.,1.));
#3262 = ADVANCED_FACE('',(#3263),#3288,.F.);
#3263 = FACE_BOUND('',#3264,.F.);
#3264 = EDGE_LOOP('',(#3265,#3273,#3274,#3282));
#3265 = ORIENTED_EDGE('',*,*,#3266,.F.);
#3266 = EDGE_CURVE('',#2819,#3267,#3269,.T.);
#3267 = VERTEX_POINT('',#3268);
#3268 = CARTESIAN_POINT('',(0.32,-0.32,8.38));
#3269 = LINE('',#3270,#3271);
#3270 = CARTESIAN_POINT('',(0.32,-0.32,-3.));
#3271 = VECTOR('',#3272,1.);
#3272 = DIRECTION('',(0.,0.,1.));
#3273 = ORIENTED_EDGE('',*,*,#2818,.T.);
#3274 = ORIENTED_EDGE('',*,*,#3275,.T.);
#3275 = EDGE_CURVE('',#2821,#3276,#3278,.T.);
#3276 = VERTEX_POINT('',#3277);
#3277 = CARTESIAN_POINT('',(-0.32,-0.32,8.38));
#3278 = LINE('',#3279,#3280);
#3279 = CARTESIAN_POINT('',(-0.32,-0.32,-3.));
#3280 = VECTOR('',#3281,1.);
#3281 = DIRECTION('',(0.,0.,1.));
#3282 = ORIENTED_EDGE('',*,*,#3283,.T.);
#3283 = EDGE_CURVE('',#3276,#3267,#3284,.T.);
#3284 = LINE('',#3285,#3286);
#3285 = CARTESIAN_POINT('',(-0.32,-0.32,8.38));
#3286 = VECTOR('',#3287,1.);
#3287 = DIRECTION('',(1.,0.,0.));
#3288 = PLANE('',#3289);
#3289 = AXIS2_PLACEMENT_3D('',#3290,#3291,#3292);
#3290 = CARTESIAN_POINT('',(-0.32,-0.32,-3.));
#3291 = DIRECTION('',(0.,1.,0.));
#3292 = DIRECTION('',(0.,-0.,1.));
#3293 = ADVANCED_FACE('',(#3294),#3312,.T.);
#3294 = FACE_BOUND('',#3295,.T.);
#3295 = EDGE_LOOP('',(#3296,#3297,#3298,#3306));
#3296 = ORIENTED_EDGE('',*,*,#3266,.F.);
#3297 = ORIENTED_EDGE('',*,*,#2844,.T.);
#3298 = ORIENTED_EDGE('',*,*,#3299,.T.);
#3299 = EDGE_CURVE('',#2837,#3300,#3302,.T.);
#3300 = VERTEX_POINT('',#3301);
#3301 = CARTESIAN_POINT('',(0.32,0.32,8.38));
#3302 = LINE('',#3303,#3304);
#3303 = CARTESIAN_POINT('',(0.32,0.32,-3.));
#3304 = VECTOR('',#3305,1.);
#3305 = DIRECTION('',(0.,0.,1.));
#3306 = ORIENTED_EDGE('',*,*,#3307,.F.);
#3307 = EDGE_CURVE('',#3267,#3300,#3308,.T.);
#3308 = LINE('',#3309,#3310);
#3309 = CARTESIAN_POINT('',(0.32,-0.32,8.38));
#3310 = VECTOR('',#3311,1.);
#3311 = DIRECTION('',(0.,1.,0.));
#3312 = PLANE('',#3313);
#3313 = AXIS2_PLACEMENT_3D('',#3314,#3315,#3316);
#3314 = CARTESIAN_POINT('',(0.32,-0.32,-3.));
#3315 = DIRECTION('',(1.,0.,0.));
#3316 = DIRECTION('',(0.,0.,1.));
#3317 = ADVANCED_FACE('',(#3318),#3336,.T.);
#3318 = FACE_BOUND('',#3319,.T.);
#3319 = EDGE_LOOP('',(#3320,#3321,#3322,#3330));
#3320 = ORIENTED_EDGE('',*,*,#3299,.F.);
#3321 = ORIENTED_EDGE('',*,*,#2836,.T.);
#3322 = ORIENTED_EDGE('',*,*,#3323,.T.);
#3323 = EDGE_CURVE('',#2829,#3324,#3326,.T.);
#3324 = VERTEX_POINT('',#3325);
#3325 = CARTESIAN_POINT('',(-0.32,0.32,8.38));
#3326 = LINE('',#3327,#3328);
#3327 = CARTESIAN_POINT('',(-0.32,0.32,-3.));
#3328 = VECTOR('',#3329,1.);
#3329 = DIRECTION('',(0.,0.,1.));
#3330 = ORIENTED_EDGE('',*,*,#3331,.T.);
#3331 = EDGE_CURVE('',#3324,#3300,#3332,.T.);
#3332 = LINE('',#3333,#3334);
#3333 = CARTESIAN_POINT('',(-0.32,0.32,8.38));
#3334 = VECTOR('',#3335,1.);
#3335 = DIRECTION('',(1.,0.,0.));
#3336 = PLANE('',#3337);
#3337 = AXIS2_PLACEMENT_3D('',#3338,#3339,#3340);
#3338 = CARTESIAN_POINT('',(-0.32,0.32,-3.));
#3339 = DIRECTION('',(0.,1.,0.));
#3340 = DIRECTION('',(0.,-0.,1.));
#3341 = ADVANCED_FACE('',(#3342),#3353,.F.);
#3342 = FACE_BOUND('',#3343,.F.);
#3343 = EDGE_LOOP('',(#3344,#3345,#3346,#3347));
#3344 = ORIENTED_EDGE('',*,*,#3275,.F.);
#3345 = ORIENTED_EDGE('',*,*,#2828,.T.);
#3346 = ORIENTED_EDGE('',*,*,#3323,.T.);
#3347 = ORIENTED_EDGE('',*,*,#3348,.F.);
#3348 = EDGE_CURVE('',#3276,#3324,#3349,.T.);
#3349 = LINE('',#3350,#3351);
#3350 = CARTESIAN_POINT('',(-0.32,-0.32,8.38));
#3351 = VECTOR('',#3352,1.);
#3352 = DIRECTION('',(0.,1.,0.));
#3353 = PLANE('',#3354);
#3354 = AXIS2_PLACEMENT_3D('',#3355,#3356,#3357);
#3355 = CARTESIAN_POINT('',(-0.32,-0.32,-3.));
#3356 = DIRECTION('',(1.,0.,0.));
#3357 = DIRECTION('',(0.,0.,1.));
#3358 = ADVANCED_FACE('',(#3359),#3384,.F.);
#3359 = FACE_BOUND('',#3360,.F.);
#3360 = EDGE_LOOP('',(#3361,#3369,#3370,#3378));
#3361 = ORIENTED_EDGE('',*,*,#3362,.F.);
#3362 = EDGE_CURVE('',#2853,#3363,#3365,.T.);
#3363 = VERTEX_POINT('',#3364);
#3364 = CARTESIAN_POINT('',(0.32,-2.86,8.38));
#3365 = LINE('',#3366,#3367);
#3366 = CARTESIAN_POINT('',(0.32,-2.86,-3.));
#3367 = VECTOR('',#3368,1.);
#3368 = DIRECTION('',(0.,0.,1.));
#3369 = ORIENTED_EDGE('',*,*,#2852,.T.);
#3370 = ORIENTED_EDGE('',*,*,#3371,.T.);
#3371 = EDGE_CURVE('',#2855,#3372,#3374,.T.);
#3372 = VERTEX_POINT('',#3373);
#3373 = CARTESIAN_POINT('',(-0.32,-2.86,8.38));
#3374 = LINE('',#3375,#3376);
#3375 = CARTESIAN_POINT('',(-0.32,-2.86,-3.));
#3376 = VECTOR('',#3377,1.);
#3377 = DIRECTION('',(0.,0.,1.));
#3378 = ORIENTED_EDGE('',*,*,#3379,.T.);
#3379 = EDGE_CURVE('',#3372,#3363,#3380,.T.);
#3380 = LINE('',#3381,#3382);
#3381 = CARTESIAN_POINT('',(-0.32,-2.86,8.38));
#3382 = VECTOR('',#3383,1.);
#3383 = DIRECTION('',(1.,0.,0.));
#3384 = PLANE('',#3385);
#3385 = AXIS2_PLACEMENT_3D('',#3386,#3387,#3388);
#3386 = CARTESIAN_POINT('',(-0.32,-2.86,-3.));
#3387 = DIRECTION('',(0.,1.,0.));
#3388 = DIRECTION('',(0.,-0.,1.));
#3389 = ADVANCED_FACE('',(#3390),#3408,.T.);
#3390 = FACE_BOUND('',#3391,.T.);
#3391 = EDGE_LOOP('',(#3392,#3393,#3394,#3402));
#3392 = ORIENTED_EDGE('',*,*,#3362,.F.);
#3393 = ORIENTED_EDGE('',*,*,#2878,.T.);
#3394 = ORIENTED_EDGE('',*,*,#3395,.T.);
#3395 = EDGE_CURVE('',#2871,#3396,#3398,.T.);
#3396 = VERTEX_POINT('',#3397);
#3397 = CARTESIAN_POINT('',(0.32,-2.22,8.38));
#3398 = LINE('',#3399,#3400);
#3399 = CARTESIAN_POINT('',(0.32,-2.22,-3.));
#3400 = VECTOR('',#3401,1.);
#3401 = DIRECTION('',(0.,0.,1.));
#3402 = ORIENTED_EDGE('',*,*,#3403,.F.);
#3403 = EDGE_CURVE('',#3363,#3396,#3404,.T.);
#3404 = LINE('',#3405,#3406);
#3405 = CARTESIAN_POINT('',(0.32,-2.86,8.38));
#3406 = VECTOR('',#3407,1.);
#3407 = DIRECTION('',(0.,1.,0.));
#3408 = PLANE('',#3409);
#3409 = AXIS2_PLACEMENT_3D('',#3410,#3411,#3412);
#3410 = CARTESIAN_POINT('',(0.32,-2.86,-3.));
#3411 = DIRECTION('',(1.,0.,0.));
#3412 = DIRECTION('',(0.,0.,1.));
#3413 = ADVANCED_FACE('',(#3414),#3432,.T.);
#3414 = FACE_BOUND('',#3415,.T.);
#3415 = EDGE_LOOP('',(#3416,#3417,#3418,#3426));
#3416 = ORIENTED_EDGE('',*,*,#3395,.F.);
#3417 = ORIENTED_EDGE('',*,*,#2870,.T.);
#3418 = ORIENTED_EDGE('',*,*,#3419,.T.);
#3419 = EDGE_CURVE('',#2863,#3420,#3422,.T.);
#3420 = VERTEX_POINT('',#3421);
#3421 = CARTESIAN_POINT('',(-0.32,-2.22,8.38));
#3422 = LINE('',#3423,#3424);
#3423 = CARTESIAN_POINT('',(-0.32,-2.22,-3.));
#3424 = VECTOR('',#3425,1.);
#3425 = DIRECTION('',(0.,0.,1.));
#3426 = ORIENTED_EDGE('',*,*,#3427,.T.);
#3427 = EDGE_CURVE('',#3420,#3396,#3428,.T.);
#3428 = LINE('',#3429,#3430);
#3429 = CARTESIAN_POINT('',(-0.32,-2.22,8.38));
#3430 = VECTOR('',#3431,1.);
#3431 = DIRECTION('',(1.,0.,0.));
#3432 = PLANE('',#3433);
#3433 = AXIS2_PLACEMENT_3D('',#3434,#3435,#3436);
#3434 = CARTESIAN_POINT('',(-0.32,-2.22,-3.));
#3435 = DIRECTION('',(0.,1.,0.));
#3436 = DIRECTION('',(0.,-0.,1.));
#3437 = ADVANCED_FACE('',(#3438),#3449,.F.);
#3438 = FACE_BOUND('',#3439,.F.);
#3439 = EDGE_LOOP('',(#3440,#3441,#3442,#3443));
#3440 = ORIENTED_EDGE('',*,*,#3371,.F.);
#3441 = ORIENTED_EDGE('',*,*,#2862,.T.);
#3442 = ORIENTED_EDGE('',*,*,#3419,.T.);
#3443 = ORIENTED_EDGE('',*,*,#3444,.F.);
#3444 = EDGE_CURVE('',#3372,#3420,#3445,.T.);
#3445 = LINE('',#3446,#3447);
#3446 = CARTESIAN_POINT('',(-0.32,-2.86,8.38));
#3447 = VECTOR('',#3448,1.);
#3448 = DIRECTION('',(0.,1.,0.));
#3449 = PLANE('',#3450);
#3450 = AXIS2_PLACEMENT_3D('',#3451,#3452,#3453);
#3451 = CARTESIAN_POINT('',(-0.32,-2.86,-3.));
#3452 = DIRECTION('',(1.,0.,0.));
#3453 = DIRECTION('',(0.,0.,1.));
#3454 = ADVANCED_FACE('',(#3455),#3480,.T.);
#3455 = FACE_BOUND('',#3456,.F.);
#3456 = EDGE_LOOP('',(#3457,#3465,#3466,#3474));
#3457 = ORIENTED_EDGE('',*,*,#3458,.F.);
#3458 = EDGE_CURVE('',#3083,#3459,#3461,.T.);
#3459 = VERTEX_POINT('',#3460);
#3460 = CARTESIAN_POINT('',(-0.16,-0.16,-3.));
#3461 = LINE('',#3462,#3463);
#3462 = CARTESIAN_POINT('',(-0.266666666667,-0.266666666667,
    -2.893333333333));
#3463 = VECTOR('',#3464,1.);
#3464 = DIRECTION('',(0.57735026919,0.57735026919,-0.57735026919));
#3465 = ORIENTED_EDGE('',*,*,#3082,.T.);
#3466 = ORIENTED_EDGE('',*,*,#3467,.T.);
#3467 = EDGE_CURVE('',#3075,#3468,#3470,.T.);
#3468 = VERTEX_POINT('',#3469);
#3469 = CARTESIAN_POINT('',(0.16,-0.16,-3.));
#3470 = LINE('',#3471,#3472);
#3471 = CARTESIAN_POINT('',(0.16,-0.16,-3.));
#3472 = VECTOR('',#3473,1.);
#3473 = DIRECTION('',(-0.57735026919,0.57735026919,-0.57735026919));
#3474 = ORIENTED_EDGE('',*,*,#3475,.F.);
#3475 = EDGE_CURVE('',#3459,#3468,#3476,.T.);
#3476 = LINE('',#3477,#3478);
#3477 = CARTESIAN_POINT('',(-0.32,-0.16,-3.));
#3478 = VECTOR('',#3479,1.);
#3479 = DIRECTION('',(1.,0.,0.));
#3480 = PLANE('',#3481);
#3481 = AXIS2_PLACEMENT_3D('',#3482,#3483,#3484);
#3482 = CARTESIAN_POINT('',(-0.32,-0.24,-2.92));
#3483 = DIRECTION('',(1.735167508357E-18,-0.707106781187,-0.707106781187
    ));
#3484 = DIRECTION('',(-1.,-1.226948711654E-18,-1.226948711654E-18));
#3485 = ADVANCED_FACE('',(#3486),#3504,.F.);
#3486 = FACE_BOUND('',#3487,.F.);
#3487 = EDGE_LOOP('',(#3488,#3489,#3490,#3498));
#3488 = ORIENTED_EDGE('',*,*,#3467,.F.);
#3489 = ORIENTED_EDGE('',*,*,#3106,.T.);
#3490 = ORIENTED_EDGE('',*,*,#3491,.T.);
#3491 = EDGE_CURVE('',#3107,#3492,#3494,.T.);
#3492 = VERTEX_POINT('',#3493);
#3493 = CARTESIAN_POINT('',(0.16,0.16,-3.));
#3494 = LINE('',#3495,#3496);
#3495 = CARTESIAN_POINT('',(5.333333333333E-02,5.333333333333E-02,
    -3.106666666667));
#3496 = VECTOR('',#3497,1.);
#3497 = DIRECTION('',(-0.57735026919,-0.57735026919,-0.57735026919));
#3498 = ORIENTED_EDGE('',*,*,#3499,.F.);
#3499 = EDGE_CURVE('',#3468,#3492,#3500,.T.);
#3500 = LINE('',#3501,#3502);
#3501 = CARTESIAN_POINT('',(0.16,-0.32,-3.));
#3502 = VECTOR('',#3503,1.);
#3503 = DIRECTION('',(0.,1.,0.));
#3504 = PLANE('',#3505);
#3505 = AXIS2_PLACEMENT_3D('',#3506,#3507,#3508);
#3506 = CARTESIAN_POINT('',(0.24,-0.32,-2.92));
#3507 = DIRECTION('',(-0.707106781187,1.735167508357E-18,0.707106781187)
  );
#3508 = DIRECTION('',(1.226948711654E-18,1.,-1.226948711654E-18));
#3509 = ADVANCED_FACE('',(#3510),#3528,.F.);
#3510 = FACE_BOUND('',#3511,.T.);
#3511 = EDGE_LOOP('',(#3512,#3520,#3521,#3522));
#3512 = ORIENTED_EDGE('',*,*,#3513,.F.);
#3513 = EDGE_CURVE('',#3131,#3514,#3516,.T.);
#3514 = VERTEX_POINT('',#3515);
#3515 = CARTESIAN_POINT('',(-0.16,0.16,-3.));
#3516 = LINE('',#3517,#3518);
#3517 = CARTESIAN_POINT('',(-0.16,0.16,-3.));
#3518 = VECTOR('',#3519,1.);
#3519 = DIRECTION('',(0.57735026919,-0.57735026919,-0.57735026919));
#3520 = ORIENTED_EDGE('',*,*,#3130,.T.);
#3521 = ORIENTED_EDGE('',*,*,#3491,.T.);
#3522 = ORIENTED_EDGE('',*,*,#3523,.F.);
#3523 = EDGE_CURVE('',#3514,#3492,#3524,.T.);
#3524 = LINE('',#3525,#3526);
#3525 = CARTESIAN_POINT('',(-0.32,0.16,-3.));
#3526 = VECTOR('',#3527,1.);
#3527 = DIRECTION('',(1.,0.,0.));
#3528 = PLANE('',#3529);
#3529 = AXIS2_PLACEMENT_3D('',#3530,#3531,#3532);
#3530 = CARTESIAN_POINT('',(-0.32,0.24,-2.92));
#3531 = DIRECTION('',(-1.735167508357E-18,-0.707106781187,0.707106781187
    ));
#3532 = DIRECTION('',(-1.,1.226948711654E-18,-1.226948711654E-18));
#3533 = ADVANCED_FACE('',(#3534),#3545,.T.);
#3534 = FACE_BOUND('',#3535,.T.);
#3535 = EDGE_LOOP('',(#3536,#3537,#3538,#3539));
#3536 = ORIENTED_EDGE('',*,*,#3458,.F.);
#3537 = ORIENTED_EDGE('',*,*,#3154,.T.);
#3538 = ORIENTED_EDGE('',*,*,#3513,.T.);
#3539 = ORIENTED_EDGE('',*,*,#3540,.F.);
#3540 = EDGE_CURVE('',#3459,#3514,#3541,.T.);
#3541 = LINE('',#3542,#3543);
#3542 = CARTESIAN_POINT('',(-0.16,-0.32,-3.));
#3543 = VECTOR('',#3544,1.);
#3544 = DIRECTION('',(0.,1.,0.));
#3545 = PLANE('',#3546);
#3546 = AXIS2_PLACEMENT_3D('',#3547,#3548,#3549);
#3547 = CARTESIAN_POINT('',(-0.24,-0.32,-2.92));
#3548 = DIRECTION('',(-0.707106781187,-1.735167508357E-18,
    -0.707106781187));
#3549 = DIRECTION('',(-1.226948711654E-18,1.,-1.226948711654E-18));
#3550 = ADVANCED_FACE('',(#3551),#3576,.T.);
#3551 = FACE_BOUND('',#3552,.F.);
#3552 = EDGE_LOOP('',(#3553,#3561,#3562,#3570));
#3553 = ORIENTED_EDGE('',*,*,#3554,.F.);
#3554 = EDGE_CURVE('',#3179,#3555,#3557,.T.);
#3555 = VERTEX_POINT('',#3556);
#3556 = CARTESIAN_POINT('',(-0.16,-2.7,-3.));
#3557 = LINE('',#3558,#3559);
#3558 = CARTESIAN_POINT('',(-0.266666666667,-2.806666666667,
    -2.893333333333));
#3559 = VECTOR('',#3560,1.);
#3560 = DIRECTION('',(0.57735026919,0.57735026919,-0.57735026919));
#3561 = ORIENTED_EDGE('',*,*,#3178,.T.);
#3562 = ORIENTED_EDGE('',*,*,#3563,.T.);
#3563 = EDGE_CURVE('',#3171,#3564,#3566,.T.);
#3564 = VERTEX_POINT('',#3565);
#3565 = CARTESIAN_POINT('',(0.16,-2.7,-3.));
#3566 = LINE('',#3567,#3568);
#3567 = CARTESIAN_POINT('',(0.16,-2.7,-3.));
#3568 = VECTOR('',#3569,1.);
#3569 = DIRECTION('',(-0.57735026919,0.57735026919,-0.57735026919));
#3570 = ORIENTED_EDGE('',*,*,#3571,.F.);
#3571 = EDGE_CURVE('',#3555,#3564,#3572,.T.);
#3572 = LINE('',#3573,#3574);
#3573 = CARTESIAN_POINT('',(-0.32,-2.7,-3.));
#3574 = VECTOR('',#3575,1.);
#3575 = DIRECTION('',(1.,0.,0.));
#3576 = PLANE('',#3577);
#3577 = AXIS2_PLACEMENT_3D('',#3578,#3579,#3580);
#3578 = CARTESIAN_POINT('',(-0.32,-2.78,-2.92));
#3579 = DIRECTION('',(1.735167508357E-18,-0.707106781187,-0.707106781187
    ));
#3580 = DIRECTION('',(-1.,-1.226948711654E-18,-1.226948711654E-18));
#3581 = ADVANCED_FACE('',(#3582),#3600,.F.);
#3582 = FACE_BOUND('',#3583,.F.);
#3583 = EDGE_LOOP('',(#3584,#3585,#3586,#3594));
#3584 = ORIENTED_EDGE('',*,*,#3563,.F.);
#3585 = ORIENTED_EDGE('',*,*,#3202,.T.);
#3586 = ORIENTED_EDGE('',*,*,#3587,.T.);
#3587 = EDGE_CURVE('',#3203,#3588,#3590,.T.);
#3588 = VERTEX_POINT('',#3589);
#3589 = CARTESIAN_POINT('',(0.16,-2.38,-3.));
#3590 = LINE('',#3591,#3592);
#3591 = CARTESIAN_POINT('',(5.333333333333E-02,-2.486666666667,
    -3.106666666667));
#3592 = VECTOR('',#3593,1.);
#3593 = DIRECTION('',(-0.57735026919,-0.57735026919,-0.57735026919));
#3594 = ORIENTED_EDGE('',*,*,#3595,.F.);
#3595 = EDGE_CURVE('',#3564,#3588,#3596,.T.);
#3596 = LINE('',#3597,#3598);
#3597 = CARTESIAN_POINT('',(0.16,-2.86,-3.));
#3598 = VECTOR('',#3599,1.);
#3599 = DIRECTION('',(0.,1.,0.));
#3600 = PLANE('',#3601);
#3601 = AXIS2_PLACEMENT_3D('',#3602,#3603,#3604);
#3602 = CARTESIAN_POINT('',(0.24,-2.86,-2.92));
#3603 = DIRECTION('',(-0.707106781187,1.735167508357E-18,0.707106781187)
  );
#3604 = DIRECTION('',(1.226948711654E-18,1.,-1.226948711654E-18));
#3605 = ADVANCED_FACE('',(#3606),#3624,.F.);
#3606 = FACE_BOUND('',#3607,.T.);
#3607 = EDGE_LOOP('',(#3608,#3616,#3617,#3618));
#3608 = ORIENTED_EDGE('',*,*,#3609,.F.);
#3609 = EDGE_CURVE('',#3227,#3610,#3612,.T.);
#3610 = VERTEX_POINT('',#3611);
#3611 = CARTESIAN_POINT('',(-0.16,-2.38,-3.));
#3612 = LINE('',#3613,#3614);
#3613 = CARTESIAN_POINT('',(-0.16,-2.38,-3.));
#3614 = VECTOR('',#3615,1.);
#3615 = DIRECTION('',(0.57735026919,-0.57735026919,-0.57735026919));
#3616 = ORIENTED_EDGE('',*,*,#3226,.T.);
#3617 = ORIENTED_EDGE('',*,*,#3587,.T.);
#3618 = ORIENTED_EDGE('',*,*,#3619,.F.);
#3619 = EDGE_CURVE('',#3610,#3588,#3620,.T.);
#3620 = LINE('',#3621,#3622);
#3621 = CARTESIAN_POINT('',(-0.32,-2.38,-3.));
#3622 = VECTOR('',#3623,1.);
#3623 = DIRECTION('',(1.,0.,0.));
#3624 = PLANE('',#3625);
#3625 = AXIS2_PLACEMENT_3D('',#3626,#3627,#3628);
#3626 = CARTESIAN_POINT('',(-0.32,-2.3,-2.92));
#3627 = DIRECTION('',(-1.735167508357E-18,-0.707106781187,0.707106781187
    ));
#3628 = DIRECTION('',(-1.,1.226948711654E-18,-1.226948711654E-18));
#3629 = ADVANCED_FACE('',(#3630),#3641,.T.);
#3630 = FACE_BOUND('',#3631,.T.);
#3631 = EDGE_LOOP('',(#3632,#3633,#3634,#3635));
#3632 = ORIENTED_EDGE('',*,*,#3554,.F.);
#3633 = ORIENTED_EDGE('',*,*,#3250,.T.);
#3634 = ORIENTED_EDGE('',*,*,#3609,.T.);
#3635 = ORIENTED_EDGE('',*,*,#3636,.F.);
#3636 = EDGE_CURVE('',#3555,#3610,#3637,.T.);
#3637 = LINE('',#3638,#3639);
#3638 = CARTESIAN_POINT('',(-0.16,-2.86,-3.));
#3639 = VECTOR('',#3640,1.);
#3640 = DIRECTION('',(0.,1.,0.));
#3641 = PLANE('',#3642);
#3642 = AXIS2_PLACEMENT_3D('',#3643,#3644,#3645);
#3643 = CARTESIAN_POINT('',(-0.24,-2.86,-2.92));
#3644 = DIRECTION('',(-0.707106781187,-1.735167508357E-18,
    -0.707106781187));
#3645 = DIRECTION('',(-1.226948711654E-18,1.,-1.226948711654E-18));
#3646 = ADVANCED_FACE('',(#3647),#3672,.F.);
#3647 = FACE_BOUND('',#3648,.T.);
#3648 = EDGE_LOOP('',(#3649,#3657,#3658,#3666));
#3649 = ORIENTED_EDGE('',*,*,#3650,.F.);
#3650 = EDGE_CURVE('',#3276,#3651,#3653,.T.);
#3651 = VERTEX_POINT('',#3652);
#3652 = CARTESIAN_POINT('',(-0.16,-0.16,8.54));
#3653 = LINE('',#3654,#3655);
#3654 = CARTESIAN_POINT('',(-0.266666666667,-0.266666666667,
    8.433333333333));
#3655 = VECTOR('',#3656,1.);
#3656 = DIRECTION('',(0.57735026919,0.57735026919,0.57735026919));
#3657 = ORIENTED_EDGE('',*,*,#3283,.T.);
#3658 = ORIENTED_EDGE('',*,*,#3659,.T.);
#3659 = EDGE_CURVE('',#3267,#3660,#3662,.T.);
#3660 = VERTEX_POINT('',#3661);
#3661 = CARTESIAN_POINT('',(0.16,-0.16,8.54));
#3662 = LINE('',#3663,#3664);
#3663 = CARTESIAN_POINT('',(0.16,-0.16,8.54));
#3664 = VECTOR('',#3665,1.);
#3665 = DIRECTION('',(-0.57735026919,0.57735026919,0.57735026919));
#3666 = ORIENTED_EDGE('',*,*,#3667,.F.);
#3667 = EDGE_CURVE('',#3651,#3660,#3668,.T.);
#3668 = LINE('',#3669,#3670);
#3669 = CARTESIAN_POINT('',(-0.32,-0.16,8.54));
#3670 = VECTOR('',#3671,1.);
#3671 = DIRECTION('',(1.,0.,0.));
#3672 = PLANE('',#3673);
#3673 = AXIS2_PLACEMENT_3D('',#3674,#3675,#3676);
#3674 = CARTESIAN_POINT('',(-0.32,-0.24,8.46));
#3675 = DIRECTION('',(-1.735167508357E-18,0.707106781187,-0.707106781187
    ));
#3676 = DIRECTION('',(-1.,-1.226948711654E-18,1.226948711654E-18));
#3677 = ADVANCED_FACE('',(#3678),#3696,.T.);
#3678 = FACE_BOUND('',#3679,.T.);
#3679 = EDGE_LOOP('',(#3680,#3681,#3682,#3690));
#3680 = ORIENTED_EDGE('',*,*,#3659,.F.);
#3681 = ORIENTED_EDGE('',*,*,#3307,.T.);
#3682 = ORIENTED_EDGE('',*,*,#3683,.T.);
#3683 = EDGE_CURVE('',#3300,#3684,#3686,.T.);
#3684 = VERTEX_POINT('',#3685);
#3685 = CARTESIAN_POINT('',(0.16,0.16,8.54));
#3686 = LINE('',#3687,#3688);
#3687 = CARTESIAN_POINT('',(5.333333333333E-02,5.333333333333E-02,
    8.646666666667));
#3688 = VECTOR('',#3689,1.);
#3689 = DIRECTION('',(-0.57735026919,-0.57735026919,0.57735026919));
#3690 = ORIENTED_EDGE('',*,*,#3691,.F.);
#3691 = EDGE_CURVE('',#3660,#3684,#3692,.T.);
#3692 = LINE('',#3693,#3694);
#3693 = CARTESIAN_POINT('',(0.16,-0.32,8.54));
#3694 = VECTOR('',#3695,1.);
#3695 = DIRECTION('',(0.,1.,0.));
#3696 = PLANE('',#3697);
#3697 = AXIS2_PLACEMENT_3D('',#3698,#3699,#3700);
#3698 = CARTESIAN_POINT('',(0.24,-0.32,8.46));
#3699 = DIRECTION('',(0.707106781187,-1.735167508357E-18,0.707106781187)
  );
#3700 = DIRECTION('',(1.226948711654E-18,1.,1.226948711654E-18));
#3701 = ADVANCED_FACE('',(#3702),#3720,.T.);
#3702 = FACE_BOUND('',#3703,.F.);
#3703 = EDGE_LOOP('',(#3704,#3712,#3713,#3714));
#3704 = ORIENTED_EDGE('',*,*,#3705,.F.);
#3705 = EDGE_CURVE('',#3324,#3706,#3708,.T.);
#3706 = VERTEX_POINT('',#3707);
#3707 = CARTESIAN_POINT('',(-0.16,0.16,8.54));
#3708 = LINE('',#3709,#3710);
#3709 = CARTESIAN_POINT('',(-0.16,0.16,8.54));
#3710 = VECTOR('',#3711,1.);
#3711 = DIRECTION('',(0.57735026919,-0.57735026919,0.57735026919));
#3712 = ORIENTED_EDGE('',*,*,#3331,.T.);
#3713 = ORIENTED_EDGE('',*,*,#3683,.T.);
#3714 = ORIENTED_EDGE('',*,*,#3715,.F.);
#3715 = EDGE_CURVE('',#3706,#3684,#3716,.T.);
#3716 = LINE('',#3717,#3718);
#3717 = CARTESIAN_POINT('',(-0.32,0.16,8.54));
#3718 = VECTOR('',#3719,1.);
#3719 = DIRECTION('',(1.,0.,0.));
#3720 = PLANE('',#3721);
#3721 = AXIS2_PLACEMENT_3D('',#3722,#3723,#3724);
#3722 = CARTESIAN_POINT('',(-0.32,0.24,8.46));
#3723 = DIRECTION('',(1.735167508357E-18,0.707106781187,0.707106781187)
  );
#3724 = DIRECTION('',(-1.,1.226948711654E-18,1.226948711654E-18));
#3725 = ADVANCED_FACE('',(#3726),#3737,.F.);
#3726 = FACE_BOUND('',#3727,.F.);
#3727 = EDGE_LOOP('',(#3728,#3729,#3730,#3731));
#3728 = ORIENTED_EDGE('',*,*,#3650,.F.);
#3729 = ORIENTED_EDGE('',*,*,#3348,.T.);
#3730 = ORIENTED_EDGE('',*,*,#3705,.T.);
#3731 = ORIENTED_EDGE('',*,*,#3732,.F.);
#3732 = EDGE_CURVE('',#3651,#3706,#3733,.T.);
#3733 = LINE('',#3734,#3735);
#3734 = CARTESIAN_POINT('',(-0.16,-0.32,8.54));
#3735 = VECTOR('',#3736,1.);
#3736 = DIRECTION('',(0.,1.,0.));
#3737 = PLANE('',#3738);
#3738 = AXIS2_PLACEMENT_3D('',#3739,#3740,#3741);
#3739 = CARTESIAN_POINT('',(-0.24,-0.32,8.46));
#3740 = DIRECTION('',(0.707106781187,1.735167508357E-18,-0.707106781187)
  );
#3741 = DIRECTION('',(-1.226948711654E-18,1.,1.226948711654E-18));
#3742 = ADVANCED_FACE('',(#3743),#3768,.F.);
#3743 = FACE_BOUND('',#3744,.T.);
#3744 = EDGE_LOOP('',(#3745,#3753,#3754,#3762));
#3745 = ORIENTED_EDGE('',*,*,#3746,.F.);
#3746 = EDGE_CURVE('',#3372,#3747,#3749,.T.);
#3747 = VERTEX_POINT('',#3748);
#3748 = CARTESIAN_POINT('',(-0.16,-2.7,8.54));
#3749 = LINE('',#3750,#3751);
#3750 = CARTESIAN_POINT('',(-0.266666666667,-2.806666666667,
    8.433333333333));
#3751 = VECTOR('',#3752,1.);
#3752 = DIRECTION('',(0.57735026919,0.57735026919,0.57735026919));
#3753 = ORIENTED_EDGE('',*,*,#3379,.T.);
#3754 = ORIENTED_EDGE('',*,*,#3755,.T.);
#3755 = EDGE_CURVE('',#3363,#3756,#3758,.T.);
#3756 = VERTEX_POINT('',#3757);
#3757 = CARTESIAN_POINT('',(0.16,-2.7,8.54));
#3758 = LINE('',#3759,#3760);
#3759 = CARTESIAN_POINT('',(0.16,-2.7,8.54));
#3760 = VECTOR('',#3761,1.);
#3761 = DIRECTION('',(-0.57735026919,0.57735026919,0.57735026919));
#3762 = ORIENTED_EDGE('',*,*,#3763,.F.);
#3763 = EDGE_CURVE('',#3747,#3756,#3764,.T.);
#3764 = LINE('',#3765,#3766);
#3765 = CARTESIAN_POINT('',(-0.32,-2.7,8.54));
#3766 = VECTOR('',#3767,1.);
#3767 = DIRECTION('',(1.,0.,0.));
#3768 = PLANE('',#3769);
#3769 = AXIS2_PLACEMENT_3D('',#3770,#3771,#3772);
#3770 = CARTESIAN_POINT('',(-0.32,-2.78,8.46));
#3771 = DIRECTION('',(-1.735167508357E-18,0.707106781187,-0.707106781187
    ));
#3772 = DIRECTION('',(-1.,-1.226948711654E-18,1.226948711654E-18));
#3773 = ADVANCED_FACE('',(#3774),#3792,.T.);
#3774 = FACE_BOUND('',#3775,.T.);
#3775 = EDGE_LOOP('',(#3776,#3777,#3778,#3786));
#3776 = ORIENTED_EDGE('',*,*,#3755,.F.);
#3777 = ORIENTED_EDGE('',*,*,#3403,.T.);
#3778 = ORIENTED_EDGE('',*,*,#3779,.T.);
#3779 = EDGE_CURVE('',#3396,#3780,#3782,.T.);
#3780 = VERTEX_POINT('',#3781);
#3781 = CARTESIAN_POINT('',(0.16,-2.38,8.54));
#3782 = LINE('',#3783,#3784);
#3783 = CARTESIAN_POINT('',(5.333333333333E-02,-2.486666666667,
    8.646666666667));
#3784 = VECTOR('',#3785,1.);
#3785 = DIRECTION('',(-0.57735026919,-0.57735026919,0.57735026919));
#3786 = ORIENTED_EDGE('',*,*,#3787,.F.);
#3787 = EDGE_CURVE('',#3756,#3780,#3788,.T.);
#3788 = LINE('',#3789,#3790);
#3789 = CARTESIAN_POINT('',(0.16,-2.86,8.54));
#3790 = VECTOR('',#3791,1.);
#3791 = DIRECTION('',(0.,1.,0.));
#3792 = PLANE('',#3793);
#3793 = AXIS2_PLACEMENT_3D('',#3794,#3795,#3796);
#3794 = CARTESIAN_POINT('',(0.24,-2.86,8.46));
#3795 = DIRECTION('',(0.707106781187,-1.735167508357E-18,0.707106781187)
  );
#3796 = DIRECTION('',(1.226948711654E-18,1.,1.226948711654E-18));
#3797 = ADVANCED_FACE('',(#3798),#3816,.T.);
#3798 = FACE_BOUND('',#3799,.F.);
#3799 = EDGE_LOOP('',(#3800,#3808,#3809,#3810));
#3800 = ORIENTED_EDGE('',*,*,#3801,.F.);
#3801 = EDGE_CURVE('',#3420,#3802,#3804,.T.);
#3802 = VERTEX_POINT('',#3803);
#3803 = CARTESIAN_POINT('',(-0.16,-2.38,8.54));
#3804 = LINE('',#3805,#3806);
#3805 = CARTESIAN_POINT('',(-0.16,-2.38,8.54));
#3806 = VECTOR('',#3807,1.);
#3807 = DIRECTION('',(0.57735026919,-0.57735026919,0.57735026919));
#3808 = ORIENTED_EDGE('',*,*,#3427,.T.);
#3809 = ORIENTED_EDGE('',*,*,#3779,.T.);
#3810 = ORIENTED_EDGE('',*,*,#3811,.F.);
#3811 = EDGE_CURVE('',#3802,#3780,#3812,.T.);
#3812 = LINE('',#3813,#3814);
#3813 = CARTESIAN_POINT('',(-0.32,-2.38,8.54));
#3814 = VECTOR('',#3815,1.);
#3815 = DIRECTION('',(1.,0.,0.));
#3816 = PLANE('',#3817);
#3817 = AXIS2_PLACEMENT_3D('',#3818,#3819,#3820);
#3818 = CARTESIAN_POINT('',(-0.32,-2.3,8.46));
#3819 = DIRECTION('',(1.735167508357E-18,0.707106781187,0.707106781187)
  );
#3820 = DIRECTION('',(-1.,1.226948711654E-18,1.226948711654E-18));
#3821 = ADVANCED_FACE('',(#3822),#3833,.F.);
#3822 = FACE_BOUND('',#3823,.F.);
#3823 = EDGE_LOOP('',(#3824,#3825,#3826,#3827));
#3824 = ORIENTED_EDGE('',*,*,#3746,.F.);
#3825 = ORIENTED_EDGE('',*,*,#3444,.T.);
#3826 = ORIENTED_EDGE('',*,*,#3801,.T.);
#3827 = ORIENTED_EDGE('',*,*,#3828,.F.);
#3828 = EDGE_CURVE('',#3747,#3802,#3829,.T.);
#3829 = LINE('',#3830,#3831);
#3830 = CARTESIAN_POINT('',(-0.16,-2.86,8.54));
#3831 = VECTOR('',#3832,1.);
#3832 = DIRECTION('',(0.,1.,0.));
#3833 = PLANE('',#3834);
#3834 = AXIS2_PLACEMENT_3D('',#3835,#3836,#3837);
#3835 = CARTESIAN_POINT('',(-0.24,-2.86,8.46));
#3836 = DIRECTION('',(0.707106781187,1.735167508357E-18,-0.707106781187)
  );
#3837 = DIRECTION('',(-1.226948711654E-18,1.,1.226948711654E-18));
#3838 = ADVANCED_FACE('',(#3839),#3845,.F.);
#3839 = FACE_BOUND('',#3840,.F.);
#3840 = EDGE_LOOP('',(#3841,#3842,#3843,#3844));
#3841 = ORIENTED_EDGE('',*,*,#3540,.F.);
#3842 = ORIENTED_EDGE('',*,*,#3475,.T.);
#3843 = ORIENTED_EDGE('',*,*,#3499,.T.);
#3844 = ORIENTED_EDGE('',*,*,#3523,.F.);
#3845 = PLANE('',#3846);
#3846 = AXIS2_PLACEMENT_3D('',#3847,#3848,#3849);
#3847 = CARTESIAN_POINT('',(-0.32,-0.32,-3.));
#3848 = DIRECTION('',(0.,0.,1.));
#3849 = DIRECTION('',(1.,0.,-0.));
#3850 = ADVANCED_FACE('',(#3851),#3857,.F.);
#3851 = FACE_BOUND('',#3852,.F.);
#3852 = EDGE_LOOP('',(#3853,#3854,#3855,#3856));
#3853 = ORIENTED_EDGE('',*,*,#3636,.F.);
#3854 = ORIENTED_EDGE('',*,*,#3571,.T.);
#3855 = ORIENTED_EDGE('',*,*,#3595,.T.);
#3856 = ORIENTED_EDGE('',*,*,#3619,.F.);
#3857 = PLANE('',#3858);
#3858 = AXIS2_PLACEMENT_3D('',#3859,#3860,#3861);
#3859 = CARTESIAN_POINT('',(-0.32,-2.86,-3.));
#3860 = DIRECTION('',(0.,0.,1.));
#3861 = DIRECTION('',(1.,0.,-0.));
#3862 = ADVANCED_FACE('',(#3863),#3869,.T.);
#3863 = FACE_BOUND('',#3864,.T.);
#3864 = EDGE_LOOP('',(#3865,#3866,#3867,#3868));
#3865 = ORIENTED_EDGE('',*,*,#3715,.F.);
#3866 = ORIENTED_EDGE('',*,*,#3732,.F.);
#3867 = ORIENTED_EDGE('',*,*,#3667,.T.);
#3868 = ORIENTED_EDGE('',*,*,#3691,.T.);
#3869 = PLANE('',#3870);
#3870 = AXIS2_PLACEMENT_3D('',#3871,#3872,#3873);
#3871 = CARTESIAN_POINT('',(-0.32,-0.32,8.54));
#3872 = DIRECTION('',(0.,0.,1.));
#3873 = DIRECTION('',(1.,0.,-0.));
#3874 = ADVANCED_FACE('',(#3875),#3881,.T.);
#3875 = FACE_BOUND('',#3876,.T.);
#3876 = EDGE_LOOP('',(#3877,#3878,#3879,#3880));
#3877 = ORIENTED_EDGE('',*,*,#3811,.F.);
#3878 = ORIENTED_EDGE('',*,*,#3828,.F.);
#3879 = ORIENTED_EDGE('',*,*,#3763,.T.);
#3880 = ORIENTED_EDGE('',*,*,#3787,.T.);
#3881 = PLANE('',#3882);
#3882 = AXIS2_PLACEMENT_3D('',#3883,#3884,#3885);
#3883 = CARTESIAN_POINT('',(-0.32,-2.86,8.54));
#3884 = DIRECTION('',(0.,0.,1.));
#3885 = DIRECTION('',(1.,0.,-0.));
#3886 = ( GEOMETRIC_REPRESENTATION_CONTEXT(3) 
GLOBAL_UNCERTAINTY_ASSIGNED_CONTEXT((#3890)) 
GLOBAL_UNIT_ASSIGNED_CONTEXT((#3887,#3888,#3889)) REPRESENTATION_CONTEXT
('Context #1','3D Context with UNIT and UNCERTAINTY') );
#3887 = ( LENGTH_UNIT() NAMED_UNIT(*) SI_UNIT(.MILLI.,.METRE.) );
#3888 = ( NAMED_UNIT(*) PLANE_ANGLE_UNIT() SI_UNIT($,.RADIAN.) );
#3889 = ( NAMED_UNIT(*) SI_UNIT($,.STERADIAN.) SOLID_ANGLE_UNIT() );
#3890 = UNCERTAINTY_MEASURE_WITH_UNIT(LENGTH_MEASURE(1.E-07),#3887,
  'distance_accuracy_value','confusion accuracy');
#3891 = CONTEXT_DEPENDENT_SHAPE_REPRESENTATION(#3892,#3894);
#3892 = ( REPRESENTATION_RELATIONSHIP('','',#2453,#10) 
REPRESENTATION_RELATIONSHIP_WITH_TRANSFORMATION(#3893) 
SHAPE_REPRESENTATION_RELATIONSHIP() );
#3893 = ITEM_DEFINED_TRANSFORMATION('','',#11,#47);
#3894 = PRODUCT_DEFINITION_SHAPE('Placement','Placement of an item',
  #3895);
#3895 = NEXT_ASSEMBLY_USAGE_OCCURRENCE('9','J2','',#5,#2448,$);
#3896 = PRODUCT_RELATED_PRODUCT_CATEGORY('part',$,(#2450));
#3897 = CONTEXT_DEPENDENT_SHAPE_REPRESENTATION(#3898,#3900);
#3898 = ( REPRESENTATION_RELATIONSHIP('','',#2453,#10) 
REPRESENTATION_RELATIONSHIP_WITH_TRANSFORMATION(#3899) 
SHAPE_REPRESENTATION_RELATIONSHIP() );
#3899 = ITEM_DEFINED_TRANSFORMATION('','',#11,#51);
#3900 = PRODUCT_DEFINITION_SHAPE('Placement','Placement of an item',
  #3901);
#3901 = NEXT_ASSEMBLY_USAGE_OCCURRENCE('10','J1','',#5,#2448,$);
#3902 = SHAPE_DEFINITION_REPRESENTATION(#3903,#3909);
#3903 = PRODUCT_DEFINITION_SHAPE('','',#3904);
#3904 = PRODUCT_DEFINITION('design','',#3905,#3908);
#3905 = PRODUCT_DEFINITION_FORMATION('','',#3906);
#3906 = PRODUCT('led board_PCB','led board_PCB','',(#3907));
#3907 = PRODUCT_CONTEXT('',#2,'mechanical');
#3908 = PRODUCT_DEFINITION_CONTEXT('part definition',#2,'design');
#3909 = ADVANCED_BREP_SHAPE_REPRESENTATION('',(#11,#3910),#4216);
#3910 = MANIFOLD_SOLID_BREP('',#3911);
#3911 = CLOSED_SHELL('',(#3912,#3952,#3983,#4014,#4075,#4136,#4148,#4165
    ,#4182,#4199));
#3912 = ADVANCED_FACE('',(#3913),#3947,.T.);
#3913 = FACE_BOUND('',#3914,.T.);
#3914 = EDGE_LOOP('',(#3915,#3925,#3933,#3941));
#3915 = ORIENTED_EDGE('',*,*,#3916,.T.);
#3916 = EDGE_CURVE('',#3917,#3919,#3921,.T.);
#3917 = VERTEX_POINT('',#3918);
#3918 = CARTESIAN_POINT('',(141.09,-74.350034,0.));
#3919 = VERTEX_POINT('',#3920);
#3920 = CARTESIAN_POINT('',(141.09,-74.350034,1.51));
#3921 = LINE('',#3922,#3923);
#3922 = CARTESIAN_POINT('',(141.09,-74.350034,0.));
#3923 = VECTOR('',#3924,1.);
#3924 = DIRECTION('',(0.,0.,1.));
#3925 = ORIENTED_EDGE('',*,*,#3926,.T.);
#3926 = EDGE_CURVE('',#3919,#3927,#3929,.T.);
#3927 = VERTEX_POINT('',#3928);
#3928 = CARTESIAN_POINT('',(87.59,-74.350034,1.51));
#3929 = LINE('',#3930,#3931);
#3930 = CARTESIAN_POINT('',(141.09,-74.350034,1.51));
#3931 = VECTOR('',#3932,1.);
#3932 = DIRECTION('',(-1.,0.,0.));
#3933 = ORIENTED_EDGE('',*,*,#3934,.F.);
#3934 = EDGE_CURVE('',#3935,#3927,#3937,.T.);
#3935 = VERTEX_POINT('',#3936);
#3936 = CARTESIAN_POINT('',(87.59,-74.350034,0.));
#3937 = LINE('',#3938,#3939);
#3938 = CARTESIAN_POINT('',(87.59,-74.350034,0.));
#3939 = VECTOR('',#3940,1.);
#3940 = DIRECTION('',(0.,0.,1.));
#3941 = ORIENTED_EDGE('',*,*,#3942,.F.);
#3942 = EDGE_CURVE('',#3917,#3935,#3943,.T.);
#3943 = LINE('',#3944,#3945);
#3944 = CARTESIAN_POINT('',(141.09,-74.350034,0.));
#3945 = VECTOR('',#3946,1.);
#3946 = DIRECTION('',(-1.,0.,0.));
#3947 = PLANE('',#3948);
#3948 = AXIS2_PLACEMENT_3D('',#3949,#3950,#3951);
#3949 = CARTESIAN_POINT('',(141.09,-74.350034,0.));
#3950 = DIRECTION('',(0.,-1.,0.));
#3951 = DIRECTION('',(-1.,0.,0.));
#3952 = ADVANCED_FACE('',(#3953),#3978,.T.);
#3953 = FACE_BOUND('',#3954,.T.);
#3954 = EDGE_LOOP('',(#3955,#3965,#3971,#3972));
#3955 = ORIENTED_EDGE('',*,*,#3956,.T.);
#3956 = EDGE_CURVE('',#3957,#3959,#3961,.T.);
#3957 = VERTEX_POINT('',#3958);
#3958 = CARTESIAN_POINT('',(141.09,-61.4,0.));
#3959 = VERTEX_POINT('',#3960);
#3960 = CARTESIAN_POINT('',(141.09,-61.4,1.51));
#3961 = LINE('',#3962,#3963);
#3962 = CARTESIAN_POINT('',(141.09,-61.4,0.));
#3963 = VECTOR('',#3964,1.);
#3964 = DIRECTION('',(0.,0.,1.));
#3965 = ORIENTED_EDGE('',*,*,#3966,.T.);
#3966 = EDGE_CURVE('',#3959,#3919,#3967,.T.);
#3967 = LINE('',#3968,#3969);
#3968 = CARTESIAN_POINT('',(141.09,-61.4,1.51));
#3969 = VECTOR('',#3970,1.);
#3970 = DIRECTION('',(0.,-1.,0.));
#3971 = ORIENTED_EDGE('',*,*,#3916,.F.);
#3972 = ORIENTED_EDGE('',*,*,#3973,.F.);
#3973 = EDGE_CURVE('',#3957,#3917,#3974,.T.);
#3974 = LINE('',#3975,#3976);
#3975 = CARTESIAN_POINT('',(141.09,-61.4,0.));
#3976 = VECTOR('',#3977,1.);
#3977 = DIRECTION('',(0.,-1.,0.));
#3978 = PLANE('',#3979);
#3979 = AXIS2_PLACEMENT_3D('',#3980,#3981,#3982);
#3980 = CARTESIAN_POINT('',(141.09,-61.4,0.));
#3981 = DIRECTION('',(1.,0.,-0.));
#3982 = DIRECTION('',(0.,-1.,0.));
#3983 = ADVANCED_FACE('',(#3984),#4009,.T.);
#3984 = FACE_BOUND('',#3985,.T.);
#3985 = EDGE_LOOP('',(#3986,#3987,#3995,#4003));
#3986 = ORIENTED_EDGE('',*,*,#3934,.T.);
#3987 = ORIENTED_EDGE('',*,*,#3988,.T.);
#3988 = EDGE_CURVE('',#3927,#3989,#3991,.T.);
#3989 = VERTEX_POINT('',#3990);
#3990 = CARTESIAN_POINT('',(87.59,-61.4,1.51));
#3991 = LINE('',#3992,#3993);
#3992 = CARTESIAN_POINT('',(87.59,-74.350034,1.51));
#3993 = VECTOR('',#3994,1.);
#3994 = DIRECTION('',(0.,1.,0.));
#3995 = ORIENTED_EDGE('',*,*,#3996,.F.);
#3996 = EDGE_CURVE('',#3997,#3989,#3999,.T.);
#3997 = VERTEX_POINT('',#3998);
#3998 = CARTESIAN_POINT('',(87.59,-61.4,0.));
#3999 = LINE('',#4000,#4001);
#4000 = CARTESIAN_POINT('',(87.59,-61.4,0.));
#4001 = VECTOR('',#4002,1.);
#4002 = DIRECTION('',(0.,0.,1.));
#4003 = ORIENTED_EDGE('',*,*,#4004,.F.);
#4004 = EDGE_CURVE('',#3935,#3997,#4005,.T.);
#4005 = LINE('',#4006,#4007);
#4006 = CARTESIAN_POINT('',(87.59,-74.350034,0.));
#4007 = VECTOR('',#4008,1.);
#4008 = DIRECTION('',(0.,1.,0.));
#4009 = PLANE('',#4010);
#4010 = AXIS2_PLACEMENT_3D('',#4011,#4012,#4013);
#4011 = CARTESIAN_POINT('',(87.59,-74.350034,0.));
#4012 = DIRECTION('',(-1.,0.,0.));
#4013 = DIRECTION('',(0.,1.,0.));
#4014 = ADVANCED_FACE('',(#4015,#4026,#4037,#4048,#4059),#4070,.F.);
#4015 = FACE_BOUND('',#4016,.F.);
#4016 = EDGE_LOOP('',(#4017,#4018,#4019,#4025));
#4017 = ORIENTED_EDGE('',*,*,#3942,.F.);
#4018 = ORIENTED_EDGE('',*,*,#3973,.F.);
#4019 = ORIENTED_EDGE('',*,*,#4020,.F.);
#4020 = EDGE_CURVE('',#3997,#3957,#4021,.T.);
#4021 = LINE('',#4022,#4023);
#4022 = CARTESIAN_POINT('',(87.59,-61.4,0.));
#4023 = VECTOR('',#4024,1.);
#4024 = DIRECTION('',(1.,0.,0.));
#4025 = ORIENTED_EDGE('',*,*,#4004,.F.);
#4026 = FACE_BOUND('',#4027,.F.);
#4027 = EDGE_LOOP('',(#4028));
#4028 = ORIENTED_EDGE('',*,*,#4029,.T.);
#4029 = EDGE_CURVE('',#4030,#4030,#4032,.T.);
#4030 = VERTEX_POINT('',#4031);
#4031 = CARTESIAN_POINT('',(90.07,-70.1,0.));
#4032 = CIRCLE('',#4033,0.5);
#4033 = AXIS2_PLACEMENT_3D('',#4034,#4035,#4036);
#4034 = CARTESIAN_POINT('',(90.07,-69.6,0.));
#4035 = DIRECTION('',(-0.,0.,-1.));
#4036 = DIRECTION('',(-0.,-1.,0.));
#4037 = FACE_BOUND('',#4038,.F.);
#4038 = EDGE_LOOP('',(#4039));
#4039 = ORIENTED_EDGE('',*,*,#4040,.T.);
#4040 = EDGE_CURVE('',#4041,#4041,#4043,.T.);
#4041 = VERTEX_POINT('',#4042);
#4042 = CARTESIAN_POINT('',(138.49,-70.1,0.));
#4043 = CIRCLE('',#4044,0.5);
#4044 = AXIS2_PLACEMENT_3D('',#4045,#4046,#4047);
#4045 = CARTESIAN_POINT('',(138.49,-69.6,0.));
#4046 = DIRECTION('',(-0.,0.,-1.));
#4047 = DIRECTION('',(-0.,-1.,0.));
#4048 = FACE_BOUND('',#4049,.F.);
#4049 = EDGE_LOOP('',(#4050));
#4050 = ORIENTED_EDGE('',*,*,#4051,.T.);
#4051 = EDGE_CURVE('',#4052,#4052,#4054,.T.);
#4052 = VERTEX_POINT('',#4053);
#4053 = CARTESIAN_POINT('',(90.07,-67.56,0.));
#4054 = CIRCLE('',#4055,0.5);
#4055 = AXIS2_PLACEMENT_3D('',#4056,#4057,#4058);
#4056 = CARTESIAN_POINT('',(90.07,-67.06,0.));
#4057 = DIRECTION('',(-0.,0.,-1.));
#4058 = DIRECTION('',(-0.,-1.,0.));
#4059 = FACE_BOUND('',#4060,.F.);
#4060 = EDGE_LOOP('',(#4061));
#4061 = ORIENTED_EDGE('',*,*,#4062,.T.);
#4062 = EDGE_CURVE('',#4063,#4063,#4065,.T.);
#4063 = VERTEX_POINT('',#4064);
#4064 = CARTESIAN_POINT('',(138.49,-67.56,0.));
#4065 = CIRCLE('',#4066,0.5);
#4066 = AXIS2_PLACEMENT_3D('',#4067,#4068,#4069);
#4067 = CARTESIAN_POINT('',(138.49,-67.06,0.));
#4068 = DIRECTION('',(-0.,0.,-1.));
#4069 = DIRECTION('',(-0.,-1.,0.));
#4070 = PLANE('',#4071);
#4071 = AXIS2_PLACEMENT_3D('',#4072,#4073,#4074);
#4072 = CARTESIAN_POINT('',(0.,0.,0.));
#4073 = DIRECTION('',(0.,0.,1.));
#4074 = DIRECTION('',(1.,0.,-0.));
#4075 = ADVANCED_FACE('',(#4076,#4087,#4098,#4109,#4120),#4131,.T.);
#4076 = FACE_BOUND('',#4077,.T.);
#4077 = EDGE_LOOP('',(#4078,#4079,#4080,#4086));
#4078 = ORIENTED_EDGE('',*,*,#3926,.F.);
#4079 = ORIENTED_EDGE('',*,*,#3966,.F.);
#4080 = ORIENTED_EDGE('',*,*,#4081,.F.);
#4081 = EDGE_CURVE('',#3989,#3959,#4082,.T.);
#4082 = LINE('',#4083,#4084);
#4083 = CARTESIAN_POINT('',(87.59,-61.4,1.51));
#4084 = VECTOR('',#4085,1.);
#4085 = DIRECTION('',(1.,0.,0.));
#4086 = ORIENTED_EDGE('',*,*,#3988,.F.);
#4087 = FACE_BOUND('',#4088,.T.);
#4088 = EDGE_LOOP('',(#4089));
#4089 = ORIENTED_EDGE('',*,*,#4090,.T.);
#4090 = EDGE_CURVE('',#4091,#4091,#4093,.T.);
#4091 = VERTEX_POINT('',#4092);
#4092 = CARTESIAN_POINT('',(90.07,-70.1,1.51));
#4093 = CIRCLE('',#4094,0.5);
#4094 = AXIS2_PLACEMENT_3D('',#4095,#4096,#4097);
#4095 = CARTESIAN_POINT('',(90.07,-69.6,1.51));
#4096 = DIRECTION('',(-0.,0.,-1.));
#4097 = DIRECTION('',(-0.,-1.,0.));
#4098 = FACE_BOUND('',#4099,.T.);
#4099 = EDGE_LOOP('',(#4100));
#4100 = ORIENTED_EDGE('',*,*,#4101,.T.);
#4101 = EDGE_CURVE('',#4102,#4102,#4104,.T.);
#4102 = VERTEX_POINT('',#4103);
#4103 = CARTESIAN_POINT('',(138.49,-70.1,1.51));
#4104 = CIRCLE('',#4105,0.5);
#4105 = AXIS2_PLACEMENT_3D('',#4106,#4107,#4108);
#4106 = CARTESIAN_POINT('',(138.49,-69.6,1.51));
#4107 = DIRECTION('',(-0.,0.,-1.));
#4108 = DIRECTION('',(-0.,-1.,0.));
#4109 = FACE_BOUND('',#4110,.T.);
#4110 = EDGE_LOOP('',(#4111));
#4111 = ORIENTED_EDGE('',*,*,#4112,.T.);
#4112 = EDGE_CURVE('',#4113,#4113,#4115,.T.);
#4113 = VERTEX_POINT('',#4114);
#4114 = CARTESIAN_POINT('',(90.07,-67.56,1.51));
#4115 = CIRCLE('',#4116,0.5);
#4116 = AXIS2_PLACEMENT_3D('',#4117,#4118,#4119);
#4117 = CARTESIAN_POINT('',(90.07,-67.06,1.51));
#4118 = DIRECTION('',(-0.,0.,-1.));
#4119 = DIRECTION('',(-0.,-1.,0.));
#4120 = FACE_BOUND('',#4121,.T.);
#4121 = EDGE_LOOP('',(#4122));
#4122 = ORIENTED_EDGE('',*,*,#4123,.T.);
#4123 = EDGE_CURVE('',#4124,#4124,#4126,.T.);
#4124 = VERTEX_POINT('',#4125);
#4125 = CARTESIAN_POINT('',(138.49,-67.56,1.51));
#4126 = CIRCLE('',#4127,0.5);
#4127 = AXIS2_PLACEMENT_3D('',#4128,#4129,#4130);
#4128 = CARTESIAN_POINT('',(138.49,-67.06,1.51));
#4129 = DIRECTION('',(-0.,0.,-1.));
#4130 = DIRECTION('',(-0.,-1.,0.));
#4131 = PLANE('',#4132);
#4132 = AXIS2_PLACEMENT_3D('',#4133,#4134,#4135);
#4133 = CARTESIAN_POINT('',(0.,0.,1.51));
#4134 = DIRECTION('',(0.,0.,1.));
#4135 = DIRECTION('',(1.,0.,-0.));
#4136 = ADVANCED_FACE('',(#4137),#4143,.T.);
#4137 = FACE_BOUND('',#4138,.T.);
#4138 = EDGE_LOOP('',(#4139,#4140,#4141,#4142));
#4139 = ORIENTED_EDGE('',*,*,#3996,.T.);
#4140 = ORIENTED_EDGE('',*,*,#4081,.T.);
#4141 = ORIENTED_EDGE('',*,*,#3956,.F.);
#4142 = ORIENTED_EDGE('',*,*,#4020,.F.);
#4143 = PLANE('',#4144);
#4144 = AXIS2_PLACEMENT_3D('',#4145,#4146,#4147);
#4145 = CARTESIAN_POINT('',(87.59,-61.4,0.));
#4146 = DIRECTION('',(0.,1.,0.));
#4147 = DIRECTION('',(1.,0.,0.));
#4148 = ADVANCED_FACE('',(#4149),#4160,.F.);
#4149 = FACE_BOUND('',#4150,.T.);
#4150 = EDGE_LOOP('',(#4151,#4152,#4158,#4159));
#4151 = ORIENTED_EDGE('',*,*,#4029,.T.);
#4152 = ORIENTED_EDGE('',*,*,#4153,.T.);
#4153 = EDGE_CURVE('',#4030,#4091,#4154,.T.);
#4154 = LINE('',#4155,#4156);
#4155 = CARTESIAN_POINT('',(90.07,-70.1,-4.6E-02));
#4156 = VECTOR('',#4157,1.);
#4157 = DIRECTION('',(0.,0.,1.));
#4158 = ORIENTED_EDGE('',*,*,#4090,.F.);
#4159 = ORIENTED_EDGE('',*,*,#4153,.F.);
#4160 = CYLINDRICAL_SURFACE('',#4161,0.5);
#4161 = AXIS2_PLACEMENT_3D('',#4162,#4163,#4164);
#4162 = CARTESIAN_POINT('',(90.07,-69.6,-4.6E-02));
#4163 = DIRECTION('',(-0.,-0.,-1.));
#4164 = DIRECTION('',(-0.,-1.,0.));
#4165 = ADVANCED_FACE('',(#4166),#4177,.F.);
#4166 = FACE_BOUND('',#4167,.T.);
#4167 = EDGE_LOOP('',(#4168,#4169,#4175,#4176));
#4168 = ORIENTED_EDGE('',*,*,#4040,.T.);
#4169 = ORIENTED_EDGE('',*,*,#4170,.T.);
#4170 = EDGE_CURVE('',#4041,#4102,#4171,.T.);
#4171 = LINE('',#4172,#4173);
#4172 = CARTESIAN_POINT('',(138.49,-70.1,-4.6E-02));
#4173 = VECTOR('',#4174,1.);
#4174 = DIRECTION('',(0.,0.,1.));
#4175 = ORIENTED_EDGE('',*,*,#4101,.F.);
#4176 = ORIENTED_EDGE('',*,*,#4170,.F.);
#4177 = CYLINDRICAL_SURFACE('',#4178,0.5);
#4178 = AXIS2_PLACEMENT_3D('',#4179,#4180,#4181);
#4179 = CARTESIAN_POINT('',(138.49,-69.6,-4.6E-02));
#4180 = DIRECTION('',(-0.,-0.,-1.));
#4181 = DIRECTION('',(-0.,-1.,0.));
#4182 = ADVANCED_FACE('',(#4183),#4194,.F.);
#4183 = FACE_BOUND('',#4184,.T.);
#4184 = EDGE_LOOP('',(#4185,#4186,#4192,#4193));
#4185 = ORIENTED_EDGE('',*,*,#4051,.T.);
#4186 = ORIENTED_EDGE('',*,*,#4187,.T.);
#4187 = EDGE_CURVE('',#4052,#4113,#4188,.T.);
#4188 = LINE('',#4189,#4190);
#4189 = CARTESIAN_POINT('',(90.07,-67.56,-4.6E-02));
#4190 = VECTOR('',#4191,1.);
#4191 = DIRECTION('',(0.,0.,1.));
#4192 = ORIENTED_EDGE('',*,*,#4112,.F.);
#4193 = ORIENTED_EDGE('',*,*,#4187,.F.);
#4194 = CYLINDRICAL_SURFACE('',#4195,0.5);
#4195 = AXIS2_PLACEMENT_3D('',#4196,#4197,#4198);
#4196 = CARTESIAN_POINT('',(90.07,-67.06,-4.6E-02));
#4197 = DIRECTION('',(-0.,-0.,-1.));
#4198 = DIRECTION('',(-0.,-1.,0.));
#4199 = ADVANCED_FACE('',(#4200),#4211,.F.);
#4200 = FACE_BOUND('',#4201,.T.);
#4201 = EDGE_LOOP('',(#4202,#4203,#4209,#4210));
#4202 = ORIENTED_EDGE('',*,*,#4062,.T.);
#4203 = ORIENTED_EDGE('',*,*,#4204,.T.);
#4204 = EDGE_CURVE('',#4063,#4124,#4205,.T.);
#4205 = LINE('',#4206,#4207);
#4206 = CARTESIAN_POINT('',(138.49,-67.56,-4.6E-02));
#4207 = VECTOR('',#4208,1.);
#4208 = DIRECTION('',(0.,0.,1.));
#4209 = ORIENTED_EDGE('',*,*,#4123,.F.);
#4210 = ORIENTED_EDGE('',*,*,#4204,.F.);
#4211 = CYLINDRICAL_SURFACE('',#4212,0.5);
#4212 = AXIS2_PLACEMENT_3D('',#4213,#4214,#4215);
#4213 = CARTESIAN_POINT('',(138.49,-67.06,-4.6E-02));
#4214 = DIRECTION('',(-0.,-0.,-1.));
#4215 = DIRECTION('',(-0.,-1.,0.));
#4216 = ( GEOMETRIC_REPRESENTATION_CONTEXT(3) 
GLOBAL_UNCERTAINTY_ASSIGNED_CONTEXT((#4220)) 
GLOBAL_UNIT_ASSIGNED_CONTEXT((#4217,#4218,#4219)) REPRESENTATION_CONTEXT
('Context #1','3D Context with UNIT and UNCERTAINTY') );
#4217 = ( LENGTH_UNIT() NAMED_UNIT(*) SI_UNIT(.MILLI.,.METRE.) );
#4218 = ( NAMED_UNIT(*) PLANE_ANGLE_UNIT() SI_UNIT($,.RADIAN.) );
#4219 = ( NAMED_UNIT(*) SI_UNIT($,.STERADIAN.) SOLID_ANGLE_UNIT() );
#4220 = UNCERTAINTY_MEASURE_WITH_UNIT(LENGTH_MEASURE(1.E-07),#4217,
  'distance_accuracy_value','confusion accuracy');
#4221 = CONTEXT_DEPENDENT_SHAPE_REPRESENTATION(#4222,#4224);
#4222 = ( REPRESENTATION_RELATIONSHIP('','',#3909,#10) 
REPRESENTATION_RELATIONSHIP_WITH_TRANSFORMATION(#4223) 
SHAPE_REPRESENTATION_RELATIONSHIP() );
#4223 = ITEM_DEFINED_TRANSFORMATION('','',#11,#55);
#4224 = PRODUCT_DEFINITION_SHAPE('Placement','Placement of an item',
  #4225);
#4225 = NEXT_ASSEMBLY_USAGE_OCCURRENCE('11','=>[0:1:1:5]','',#5,#3904,$
  );
#4226 = PRODUCT_RELATED_PRODUCT_CATEGORY('part',$,(#3906));
#4227 = MECHANICAL_DESIGN_GEOMETRIC_PRESENTATION_REPRESENTATION('',(
    #4228,#4236,#4243,#4250,#4257,#4264,#4271,#4278,#4285,#4292,#4299,
    #4306,#4313,#4320,#4327,#4334,#4341,#4349,#4356,#4363,#4370,#4377,
    #4384,#4391,#4398,#4405,#4412,#4419,#4426,#4433,#4440,#4447,#4454,
    #4461,#4468,#4475,#4482,#4489,#4496,#4503,#4510,#4517,#4524,#4531,
    #4538,#4545,#4552,#4559,#4566,#4573,#4580,#4587),#3886);
#4228 = STYLED_ITEM('color',(#4229),#2456);
#4229 = PRESENTATION_STYLE_ASSIGNMENT((#4230));
#4230 = SURFACE_STYLE_USAGE(.BOTH.,#4231);
#4231 = SURFACE_SIDE_STYLE('',(#4232));
#4232 = SURFACE_STYLE_FILL_AREA(#4233);
#4233 = FILL_AREA_STYLE('',(#4234));
#4234 = FILL_AREA_STYLE_COLOUR('',#4235);
#4235 = COLOUR_RGB('',0.147999998088,0.144999993226,0.144999993226);
#4236 = STYLED_ITEM('color',(#4237),#2496);
#4237 = PRESENTATION_STYLE_ASSIGNMENT((#4238));
#4238 = SURFACE_STYLE_USAGE(.BOTH.,#4239);
#4239 = SURFACE_SIDE_STYLE('',(#4240));
#4240 = SURFACE_STYLE_FILL_AREA(#4241);
#4241 = FILL_AREA_STYLE('',(#4242));
#4242 = FILL_AREA_STYLE_COLOUR('',#4235);
#4243 = STYLED_ITEM('color',(#4244),#2527);
#4244 = PRESENTATION_STYLE_ASSIGNMENT((#4245));
#4245 = SURFACE_STYLE_USAGE(.BOTH.,#4246);
#4246 = SURFACE_SIDE_STYLE('',(#4247));
#4247 = SURFACE_STYLE_FILL_AREA(#4248);
#4248 = FILL_AREA_STYLE('',(#4249));
#4249 = FILL_AREA_STYLE_COLOUR('',#4235);
#4250 = STYLED_ITEM('color',(#4251),#2558);
#4251 = PRESENTATION_STYLE_ASSIGNMENT((#4252));
#4252 = SURFACE_STYLE_USAGE(.BOTH.,#4253);
#4253 = SURFACE_SIDE_STYLE('',(#4254));
#4254 = SURFACE_STYLE_FILL_AREA(#4255);
#4255 = FILL_AREA_STYLE('',(#4256));
#4256 = FILL_AREA_STYLE_COLOUR('',#4235);
#4257 = STYLED_ITEM('color',(#4258),#2723);
#4258 = PRESENTATION_STYLE_ASSIGNMENT((#4259));
#4259 = SURFACE_STYLE_USAGE(.BOTH.,#4260);
#4260 = SURFACE_SIDE_STYLE('',(#4261));
#4261 = SURFACE_STYLE_FILL_AREA(#4262);
#4262 = FILL_AREA_STYLE('',(#4263));
#4263 = FILL_AREA_STYLE_COLOUR('',#4235);
#4264 = STYLED_ITEM('color',(#4265),#2888);
#4265 = PRESENTATION_STYLE_ASSIGNMENT((#4266));
#4266 = SURFACE_STYLE_USAGE(.BOTH.,#4267);
#4267 = SURFACE_SIDE_STYLE('',(#4268));
#4268 = SURFACE_STYLE_FILL_AREA(#4269);
#4269 = FILL_AREA_STYLE('',(#4270));
#4270 = FILL_AREA_STYLE_COLOUR('',#4235);
#4271 = STYLED_ITEM('color',(#4272),#2905);
#4272 = PRESENTATION_STYLE_ASSIGNMENT((#4273));
#4273 = SURFACE_STYLE_USAGE(.BOTH.,#4274);
#4274 = SURFACE_SIDE_STYLE('',(#4275));
#4275 = SURFACE_STYLE_FILL_AREA(#4276);
#4276 = FILL_AREA_STYLE('',(#4277));
#4277 = FILL_AREA_STYLE_COLOUR('',#4235);
#4278 = STYLED_ITEM('color',(#4279),#2922);
#4279 = PRESENTATION_STYLE_ASSIGNMENT((#4280));
#4280 = SURFACE_STYLE_USAGE(.BOTH.,#4281);
#4281 = SURFACE_SIDE_STYLE('',(#4282));
#4282 = SURFACE_STYLE_FILL_AREA(#4283);
#4283 = FILL_AREA_STYLE('',(#4284));
#4284 = FILL_AREA_STYLE_COLOUR('',#4235);
#4285 = STYLED_ITEM('color',(#4286),#2939);
#4286 = PRESENTATION_STYLE_ASSIGNMENT((#4287));
#4287 = SURFACE_STYLE_USAGE(.BOTH.,#4288);
#4288 = SURFACE_SIDE_STYLE('',(#4289));
#4289 = SURFACE_STYLE_FILL_AREA(#4290);
#4290 = FILL_AREA_STYLE('',(#4291));
#4291 = FILL_AREA_STYLE_COLOUR('',#4235);
#4292 = STYLED_ITEM('color',(#4293),#2956);
#4293 = PRESENTATION_STYLE_ASSIGNMENT((#4294));
#4294 = SURFACE_STYLE_USAGE(.BOTH.,#4295);
#4295 = SURFACE_SIDE_STYLE('',(#4296));
#4296 = SURFACE_STYLE_FILL_AREA(#4297);
#4297 = FILL_AREA_STYLE('',(#4298));
#4298 = FILL_AREA_STYLE_COLOUR('',#4235);
#4299 = STYLED_ITEM('color',(#4300),#2973);
#4300 = PRESENTATION_STYLE_ASSIGNMENT((#4301));
#4301 = SURFACE_STYLE_USAGE(.BOTH.,#4302);
#4302 = SURFACE_SIDE_STYLE('',(#4303));
#4303 = SURFACE_STYLE_FILL_AREA(#4304);
#4304 = FILL_AREA_STYLE('',(#4305));
#4305 = FILL_AREA_STYLE_COLOUR('',#4235);
#4306 = STYLED_ITEM('color',(#4307),#2990);
#4307 = PRESENTATION_STYLE_ASSIGNMENT((#4308));
#4308 = SURFACE_STYLE_USAGE(.BOTH.,#4309);
#4309 = SURFACE_SIDE_STYLE('',(#4310));
#4310 = SURFACE_STYLE_FILL_AREA(#4311);
#4311 = FILL_AREA_STYLE('',(#4312));
#4312 = FILL_AREA_STYLE_COLOUR('',#4235);
#4313 = STYLED_ITEM('color',(#4314),#3007);
#4314 = PRESENTATION_STYLE_ASSIGNMENT((#4315));
#4315 = SURFACE_STYLE_USAGE(.BOTH.,#4316);
#4316 = SURFACE_SIDE_STYLE('',(#4317));
#4317 = SURFACE_STYLE_FILL_AREA(#4318);
#4318 = FILL_AREA_STYLE('',(#4319));
#4319 = FILL_AREA_STYLE_COLOUR('',#4235);
#4320 = STYLED_ITEM('color',(#4321),#3024);
#4321 = PRESENTATION_STYLE_ASSIGNMENT((#4322));
#4322 = SURFACE_STYLE_USAGE(.BOTH.,#4323);
#4323 = SURFACE_SIDE_STYLE('',(#4324));
#4324 = SURFACE_STYLE_FILL_AREA(#4325);
#4325 = FILL_AREA_STYLE('',(#4326));
#4326 = FILL_AREA_STYLE_COLOUR('',#4235);
#4327 = STYLED_ITEM('color',(#4328),#3041);
#4328 = PRESENTATION_STYLE_ASSIGNMENT((#4329));
#4329 = SURFACE_STYLE_USAGE(.BOTH.,#4330);
#4330 = SURFACE_SIDE_STYLE('',(#4331));
#4331 = SURFACE_STYLE_FILL_AREA(#4332);
#4332 = FILL_AREA_STYLE('',(#4333));
#4333 = FILL_AREA_STYLE_COLOUR('',#4235);
#4334 = STYLED_ITEM('color',(#4335),#3058);
#4335 = PRESENTATION_STYLE_ASSIGNMENT((#4336));
#4336 = SURFACE_STYLE_USAGE(.BOTH.,#4337);
#4337 = SURFACE_SIDE_STYLE('',(#4338));
#4338 = SURFACE_STYLE_FILL_AREA(#4339);
#4339 = FILL_AREA_STYLE('',(#4340));
#4340 = FILL_AREA_STYLE_COLOUR('',#4235);
#4341 = STYLED_ITEM('color',(#4342),#3070);
#4342 = PRESENTATION_STYLE_ASSIGNMENT((#4343));
#4343 = SURFACE_STYLE_USAGE(.BOTH.,#4344);
#4344 = SURFACE_SIDE_STYLE('',(#4345));
#4345 = SURFACE_STYLE_FILL_AREA(#4346);
#4346 = FILL_AREA_STYLE('',(#4347));
#4347 = FILL_AREA_STYLE_COLOUR('',#4348);
#4348 = COLOUR_RGB('',0.859000020776,0.737999965183,0.495999988746);
#4349 = STYLED_ITEM('color',(#4350),#3101);
#4350 = PRESENTATION_STYLE_ASSIGNMENT((#4351));
#4351 = SURFACE_STYLE_USAGE(.BOTH.,#4352);
#4352 = SURFACE_SIDE_STYLE('',(#4353));
#4353 = SURFACE_STYLE_FILL_AREA(#4354);
#4354 = FILL_AREA_STYLE('',(#4355));
#4355 = FILL_AREA_STYLE_COLOUR('',#4348);
#4356 = STYLED_ITEM('color',(#4357),#3125);
#4357 = PRESENTATION_STYLE_ASSIGNMENT((#4358));
#4358 = SURFACE_STYLE_USAGE(.BOTH.,#4359);
#4359 = SURFACE_SIDE_STYLE('',(#4360));
#4360 = SURFACE_STYLE_FILL_AREA(#4361);
#4361 = FILL_AREA_STYLE('',(#4362));
#4362 = FILL_AREA_STYLE_COLOUR('',#4348);
#4363 = STYLED_ITEM('color',(#4364),#3149);
#4364 = PRESENTATION_STYLE_ASSIGNMENT((#4365));
#4365 = SURFACE_STYLE_USAGE(.BOTH.,#4366);
#4366 = SURFACE_SIDE_STYLE('',(#4367));
#4367 = SURFACE_STYLE_FILL_AREA(#4368);
#4368 = FILL_AREA_STYLE('',(#4369));
#4369 = FILL_AREA_STYLE_COLOUR('',#4348);
#4370 = STYLED_ITEM('color',(#4371),#3166);
#4371 = PRESENTATION_STYLE_ASSIGNMENT((#4372));
#4372 = SURFACE_STYLE_USAGE(.BOTH.,#4373);
#4373 = SURFACE_SIDE_STYLE('',(#4374));
#4374 = SURFACE_STYLE_FILL_AREA(#4375);
#4375 = FILL_AREA_STYLE('',(#4376));
#4376 = FILL_AREA_STYLE_COLOUR('',#4348);
#4377 = STYLED_ITEM('color',(#4378),#3197);
#4378 = PRESENTATION_STYLE_ASSIGNMENT((#4379));
#4379 = SURFACE_STYLE_USAGE(.BOTH.,#4380);
#4380 = SURFACE_SIDE_STYLE('',(#4381));
#4381 = SURFACE_STYLE_FILL_AREA(#4382);
#4382 = FILL_AREA_STYLE('',(#4383));
#4383 = FILL_AREA_STYLE_COLOUR('',#4348);
#4384 = STYLED_ITEM('color',(#4385),#3221);
#4385 = PRESENTATION_STYLE_ASSIGNMENT((#4386));
#4386 = SURFACE_STYLE_USAGE(.BOTH.,#4387);
#4387 = SURFACE_SIDE_STYLE('',(#4388));
#4388 = SURFACE_STYLE_FILL_AREA(#4389);
#4389 = FILL_AREA_STYLE('',(#4390));
#4390 = FILL_AREA_STYLE_COLOUR('',#4348);
#4391 = STYLED_ITEM('color',(#4392),#3245);
#4392 = PRESENTATION_STYLE_ASSIGNMENT((#4393));
#4393 = SURFACE_STYLE_USAGE(.BOTH.,#4394);
#4394 = SURFACE_SIDE_STYLE('',(#4395));
#4395 = SURFACE_STYLE_FILL_AREA(#4396);
#4396 = FILL_AREA_STYLE('',(#4397));
#4397 = FILL_AREA_STYLE_COLOUR('',#4348);
#4398 = STYLED_ITEM('color',(#4399),#3262);
#4399 = PRESENTATION_STYLE_ASSIGNMENT((#4400));
#4400 = SURFACE_STYLE_USAGE(.BOTH.,#4401);
#4401 = SURFACE_SIDE_STYLE('',(#4402));
#4402 = SURFACE_STYLE_FILL_AREA(#4403);
#4403 = FILL_AREA_STYLE('',(#4404));
#4404 = FILL_AREA_STYLE_COLOUR('',#4348);
#4405 = STYLED_ITEM('color',(#4406),#3293);
#4406 = PRESENTATION_STYLE_ASSIGNMENT((#4407));
#4407 = SURFACE_STYLE_USAGE(.BOTH.,#4408);
#4408 = SURFACE_SIDE_STYLE('',(#4409));
#4409 = SURFACE_STYLE_FILL_AREA(#4410);
#4410 = FILL_AREA_STYLE('',(#4411));
#4411 = FILL_AREA_STYLE_COLOUR('',#4348);
#4412 = STYLED_ITEM('color',(#4413),#3317);
#4413 = PRESENTATION_STYLE_ASSIGNMENT((#4414));
#4414 = SURFACE_STYLE_USAGE(.BOTH.,#4415);
#4415 = SURFACE_SIDE_STYLE('',(#4416));
#4416 = SURFACE_STYLE_FILL_AREA(#4417);
#4417 = FILL_AREA_STYLE('',(#4418));
#4418 = FILL_AREA_STYLE_COLOUR('',#4348);
#4419 = STYLED_ITEM('color',(#4420),#3341);
#4420 = PRESENTATION_STYLE_ASSIGNMENT((#4421));
#4421 = SURFACE_STYLE_USAGE(.BOTH.,#4422);
#4422 = SURFACE_SIDE_STYLE('',(#4423));
#4423 = SURFACE_STYLE_FILL_AREA(#4424);
#4424 = FILL_AREA_STYLE('',(#4425));
#4425 = FILL_AREA_STYLE_COLOUR('',#4348);
#4426 = STYLED_ITEM('color',(#4427),#3358);
#4427 = PRESENTATION_STYLE_ASSIGNMENT((#4428));
#4428 = SURFACE_STYLE_USAGE(.BOTH.,#4429);
#4429 = SURFACE_SIDE_STYLE('',(#4430));
#4430 = SURFACE_STYLE_FILL_AREA(#4431);
#4431 = FILL_AREA_STYLE('',(#4432));
#4432 = FILL_AREA_STYLE_COLOUR('',#4348);
#4433 = STYLED_ITEM('color',(#4434),#3389);
#4434 = PRESENTATION_STYLE_ASSIGNMENT((#4435));
#4435 = SURFACE_STYLE_USAGE(.BOTH.,#4436);
#4436 = SURFACE_SIDE_STYLE('',(#4437));
#4437 = SURFACE_STYLE_FILL_AREA(#4438);
#4438 = FILL_AREA_STYLE('',(#4439));
#4439 = FILL_AREA_STYLE_COLOUR('',#4348);
#4440 = STYLED_ITEM('color',(#4441),#3413);
#4441 = PRESENTATION_STYLE_ASSIGNMENT((#4442));
#4442 = SURFACE_STYLE_USAGE(.BOTH.,#4443);
#4443 = SURFACE_SIDE_STYLE('',(#4444));
#4444 = SURFACE_STYLE_FILL_AREA(#4445);
#4445 = FILL_AREA_STYLE('',(#4446));
#4446 = FILL_AREA_STYLE_COLOUR('',#4348);
#4447 = STYLED_ITEM('color',(#4448),#3437);
#4448 = PRESENTATION_STYLE_ASSIGNMENT((#4449));
#4449 = SURFACE_STYLE_USAGE(.BOTH.,#4450);
#4450 = SURFACE_SIDE_STYLE('',(#4451));
#4451 = SURFACE_STYLE_FILL_AREA(#4452);
#4452 = FILL_AREA_STYLE('',(#4453));
#4453 = FILL_AREA_STYLE_COLOUR('',#4348);
#4454 = STYLED_ITEM('color',(#4455),#3454);
#4455 = PRESENTATION_STYLE_ASSIGNMENT((#4456));
#4456 = SURFACE_STYLE_USAGE(.BOTH.,#4457);
#4457 = SURFACE_SIDE_STYLE('',(#4458));
#4458 = SURFACE_STYLE_FILL_AREA(#4459);
#4459 = FILL_AREA_STYLE('',(#4460));
#4460 = FILL_AREA_STYLE_COLOUR('',#4348);
#4461 = STYLED_ITEM('color',(#4462),#3485);
#4462 = PRESENTATION_STYLE_ASSIGNMENT((#4463));
#4463 = SURFACE_STYLE_USAGE(.BOTH.,#4464);
#4464 = SURFACE_SIDE_STYLE('',(#4465));
#4465 = SURFACE_STYLE_FILL_AREA(#4466);
#4466 = FILL_AREA_STYLE('',(#4467));
#4467 = FILL_AREA_STYLE_COLOUR('',#4348);
#4468 = STYLED_ITEM('color',(#4469),#3509);
#4469 = PRESENTATION_STYLE_ASSIGNMENT((#4470));
#4470 = SURFACE_STYLE_USAGE(.BOTH.,#4471);
#4471 = SURFACE_SIDE_STYLE('',(#4472));
#4472 = SURFACE_STYLE_FILL_AREA(#4473);
#4473 = FILL_AREA_STYLE('',(#4474));
#4474 = FILL_AREA_STYLE_COLOUR('',#4348);
#4475 = STYLED_ITEM('color',(#4476),#3533);
#4476 = PRESENTATION_STYLE_ASSIGNMENT((#4477));
#4477 = SURFACE_STYLE_USAGE(.BOTH.,#4478);
#4478 = SURFACE_SIDE_STYLE('',(#4479));
#4479 = SURFACE_STYLE_FILL_AREA(#4480);
#4480 = FILL_AREA_STYLE('',(#4481));
#4481 = FILL_AREA_STYLE_COLOUR('',#4348);
#4482 = STYLED_ITEM('color',(#4483),#3550);
#4483 = PRESENTATION_STYLE_ASSIGNMENT((#4484));
#4484 = SURFACE_STYLE_USAGE(.BOTH.,#4485);
#4485 = SURFACE_SIDE_STYLE('',(#4486));
#4486 = SURFACE_STYLE_FILL_AREA(#4487);
#4487 = FILL_AREA_STYLE('',(#4488));
#4488 = FILL_AREA_STYLE_COLOUR('',#4348);
#4489 = STYLED_ITEM('color',(#4490),#3581);
#4490 = PRESENTATION_STYLE_ASSIGNMENT((#4491));
#4491 = SURFACE_STYLE_USAGE(.BOTH.,#4492);
#4492 = SURFACE_SIDE_STYLE('',(#4493));
#4493 = SURFACE_STYLE_FILL_AREA(#4494);
#4494 = FILL_AREA_STYLE('',(#4495));
#4495 = FILL_AREA_STYLE_COLOUR('',#4348);
#4496 = STYLED_ITEM('color',(#4497),#3605);
#4497 = PRESENTATION_STYLE_ASSIGNMENT((#4498));
#4498 = SURFACE_STYLE_USAGE(.BOTH.,#4499);
#4499 = SURFACE_SIDE_STYLE('',(#4500));
#4500 = SURFACE_STYLE_FILL_AREA(#4501);
#4501 = FILL_AREA_STYLE('',(#4502));
#4502 = FILL_AREA_STYLE_COLOUR('',#4348);
#4503 = STYLED_ITEM('color',(#4504),#3629);
#4504 = PRESENTATION_STYLE_ASSIGNMENT((#4505));
#4505 = SURFACE_STYLE_USAGE(.BOTH.,#4506);
#4506 = SURFACE_SIDE_STYLE('',(#4507));
#4507 = SURFACE_STYLE_FILL_AREA(#4508);
#4508 = FILL_AREA_STYLE('',(#4509));
#4509 = FILL_AREA_STYLE_COLOUR('',#4348);
#4510 = STYLED_ITEM('color',(#4511),#3646);
#4511 = PRESENTATION_STYLE_ASSIGNMENT((#4512));
#4512 = SURFACE_STYLE_USAGE(.BOTH.,#4513);
#4513 = SURFACE_SIDE_STYLE('',(#4514));
#4514 = SURFACE_STYLE_FILL_AREA(#4515);
#4515 = FILL_AREA_STYLE('',(#4516));
#4516 = FILL_AREA_STYLE_COLOUR('',#4348);
#4517 = STYLED_ITEM('color',(#4518),#3677);
#4518 = PRESENTATION_STYLE_ASSIGNMENT((#4519));
#4519 = SURFACE_STYLE_USAGE(.BOTH.,#4520);
#4520 = SURFACE_SIDE_STYLE('',(#4521));
#4521 = SURFACE_STYLE_FILL_AREA(#4522);
#4522 = FILL_AREA_STYLE('',(#4523));
#4523 = FILL_AREA_STYLE_COLOUR('',#4348);
#4524 = STYLED_ITEM('color',(#4525),#3701);
#4525 = PRESENTATION_STYLE_ASSIGNMENT((#4526));
#4526 = SURFACE_STYLE_USAGE(.BOTH.,#4527);
#4527 = SURFACE_SIDE_STYLE('',(#4528));
#4528 = SURFACE_STYLE_FILL_AREA(#4529);
#4529 = FILL_AREA_STYLE('',(#4530));
#4530 = FILL_AREA_STYLE_COLOUR('',#4348);
#4531 = STYLED_ITEM('color',(#4532),#3725);
#4532 = PRESENTATION_STYLE_ASSIGNMENT((#4533));
#4533 = SURFACE_STYLE_USAGE(.BOTH.,#4534);
#4534 = SURFACE_SIDE_STYLE('',(#4535));
#4535 = SURFACE_STYLE_FILL_AREA(#4536);
#4536 = FILL_AREA_STYLE('',(#4537));
#4537 = FILL_AREA_STYLE_COLOUR('',#4348);
#4538 = STYLED_ITEM('color',(#4539),#3742);
#4539 = PRESENTATION_STYLE_ASSIGNMENT((#4540));
#4540 = SURFACE_STYLE_USAGE(.BOTH.,#4541);
#4541 = SURFACE_SIDE_STYLE('',(#4542));
#4542 = SURFACE_STYLE_FILL_AREA(#4543);
#4543 = FILL_AREA_STYLE('',(#4544));
#4544 = FILL_AREA_STYLE_COLOUR('',#4348);
#4545 = STYLED_ITEM('color',(#4546),#3773);
#4546 = PRESENTATION_STYLE_ASSIGNMENT((#4547));
#4547 = SURFACE_STYLE_USAGE(.BOTH.,#4548);
#4548 = SURFACE_SIDE_STYLE('',(#4549));
#4549 = SURFACE_STYLE_FILL_AREA(#4550);
#4550 = FILL_AREA_STYLE('',(#4551));
#4551 = FILL_AREA_STYLE_COLOUR('',#4348);
#4552 = STYLED_ITEM('color',(#4553),#3797);
#4553 = PRESENTATION_STYLE_ASSIGNMENT((#4554));
#4554 = SURFACE_STYLE_USAGE(.BOTH.,#4555);
#4555 = SURFACE_SIDE_STYLE('',(#4556));
#4556 = SURFACE_STYLE_FILL_AREA(#4557);
#4557 = FILL_AREA_STYLE('',(#4558));
#4558 = FILL_AREA_STYLE_COLOUR('',#4348);
#4559 = STYLED_ITEM('color',(#4560),#3821);
#4560 = PRESENTATION_STYLE_ASSIGNMENT((#4561));
#4561 = SURFACE_STYLE_USAGE(.BOTH.,#4562);
#4562 = SURFACE_SIDE_STYLE('',(#4563));
#4563 = SURFACE_STYLE_FILL_AREA(#4564);
#4564 = FILL_AREA_STYLE('',(#4565));
#4565 = FILL_AREA_STYLE_COLOUR('',#4348);
#4566 = STYLED_ITEM('color',(#4567),#3838);
#4567 = PRESENTATION_STYLE_ASSIGNMENT((#4568));
#4568 = SURFACE_STYLE_USAGE(.BOTH.,#4569);
#4569 = SURFACE_SIDE_STYLE('',(#4570));
#4570 = SURFACE_STYLE_FILL_AREA(#4571);
#4571 = FILL_AREA_STYLE('',(#4572));
#4572 = FILL_AREA_STYLE_COLOUR('',#4348);
#4573 = STYLED_ITEM('color',(#4574),#3850);
#4574 = PRESENTATION_STYLE_ASSIGNMENT((#4575));
#4575 = SURFACE_STYLE_USAGE(.BOTH.,#4576);
#4576 = SURFACE_SIDE_STYLE('',(#4577));
#4577 = SURFACE_STYLE_FILL_AREA(#4578);
#4578 = FILL_AREA_STYLE('',(#4579));
#4579 = FILL_AREA_STYLE_COLOUR('',#4348);
#4580 = STYLED_ITEM('color',(#4581),#3862);
#4581 = PRESENTATION_STYLE_ASSIGNMENT((#4582));
#4582 = SURFACE_STYLE_USAGE(.BOTH.,#4583);
#4583 = SURFACE_SIDE_STYLE('',(#4584));
#4584 = SURFACE_STYLE_FILL_AREA(#4585);
#4585 = FILL_AREA_STYLE('',(#4586));
#4586 = FILL_AREA_STYLE_COLOUR('',#4348);
#4587 = STYLED_ITEM('color',(#4588),#3874);
#4588 = PRESENTATION_STYLE_ASSIGNMENT((#4589));
#4589 = SURFACE_STYLE_USAGE(.BOTH.,#4590);
#4590 = SURFACE_SIDE_STYLE('',(#4591));
#4591 = SURFACE_STYLE_FILL_AREA(#4592);
#4592 = FILL_AREA_STYLE('',(#4593));
#4593 = FILL_AREA_STYLE_COLOUR('',#4348);
#4594 = MECHANICAL_DESIGN_GEOMETRIC_PRESENTATION_REPRESENTATION('',(
    #4595),#4216);
#4595 = STYLED_ITEM('color',(#4596),#3910);
#4596 = PRESENTATION_STYLE_ASSIGNMENT((#4597));
#4597 = SURFACE_STYLE_USAGE(.BOTH.,#4598);
#4598 = SURFACE_SIDE_STYLE('',(#4599));
#4599 = SURFACE_STYLE_FILL_AREA(#4600);
#4600 = FILL_AREA_STYLE('',(#4601));
#4601 = FILL_AREA_STYLE_COLOUR('',#4602);
#4602 = COLOUR_RGB('',0.313304153717,0.484529207832,0.410020903123);
#4603 = MECHANICAL_DESIGN_GEOMETRIC_PRESENTATION_REPRESENTATION('',(
    #4604,#4612,#4619,#4626,#4633,#4640,#4647,#4654,#4662,#4669,#4676,
    #4683,#4690,#4697,#4705,#4712,#4719,#4726,#4733,#4740,#4747,#4754,
    #4761,#4768,#4775,#4782),#863);
#4604 = STYLED_ITEM('color',(#4605),#75);
#4605 = PRESENTATION_STYLE_ASSIGNMENT((#4606));
#4606 = SURFACE_STYLE_USAGE(.BOTH.,#4607);
#4607 = SURFACE_SIDE_STYLE('',(#4608));
#4608 = SURFACE_STYLE_FILL_AREA(#4609);
#4609 = FILL_AREA_STYLE('',(#4610));
#4610 = FILL_AREA_STYLE_COLOUR('',#4611);
#4611 = COLOUR_RGB('',0.823999987314,0.819999987296,0.781000009244);
#4612 = STYLED_ITEM('color',(#4613),#115);
#4613 = PRESENTATION_STYLE_ASSIGNMENT((#4614));
#4614 = SURFACE_STYLE_USAGE(.BOTH.,#4615);
#4615 = SURFACE_SIDE_STYLE('',(#4616));
#4616 = SURFACE_STYLE_FILL_AREA(#4617);
#4617 = FILL_AREA_STYLE('',(#4618));
#4618 = FILL_AREA_STYLE_COLOUR('',#4611);
#4619 = STYLED_ITEM('color',(#4620),#198);
#4620 = PRESENTATION_STYLE_ASSIGNMENT((#4621));
#4621 = SURFACE_STYLE_USAGE(.BOTH.,#4622);
#4622 = SURFACE_SIDE_STYLE('',(#4623));
#4623 = SURFACE_STYLE_FILL_AREA(#4624);
#4624 = FILL_AREA_STYLE('',(#4625));
#4625 = FILL_AREA_STYLE_COLOUR('',#4611);
#4626 = STYLED_ITEM('color',(#4627),#223);
#4627 = PRESENTATION_STYLE_ASSIGNMENT((#4628));
#4628 = SURFACE_STYLE_USAGE(.BOTH.,#4629);
#4629 = SURFACE_SIDE_STYLE('',(#4630));
#4630 = SURFACE_STYLE_FILL_AREA(#4631);
#4631 = FILL_AREA_STYLE('',(#4632));
#4632 = FILL_AREA_STYLE_COLOUR('',#4611);
#4633 = STYLED_ITEM('color',(#4634),#248);
#4634 = PRESENTATION_STYLE_ASSIGNMENT((#4635));
#4635 = SURFACE_STYLE_USAGE(.BOTH.,#4636);
#4636 = SURFACE_SIDE_STYLE('',(#4637));
#4637 = SURFACE_STYLE_FILL_AREA(#4638);
#4638 = FILL_AREA_STYLE('',(#4639));
#4639 = FILL_AREA_STYLE_COLOUR('',#4611);
#4640 = STYLED_ITEM('color',(#4641),#315);
#4641 = PRESENTATION_STYLE_ASSIGNMENT((#4642));
#4642 = SURFACE_STYLE_USAGE(.BOTH.,#4643);
#4643 = SURFACE_SIDE_STYLE('',(#4644));
#4644 = SURFACE_STYLE_FILL_AREA(#4645);
#4645 = FILL_AREA_STYLE('',(#4646));
#4646 = FILL_AREA_STYLE_COLOUR('',#4611);
#4647 = STYLED_ITEM('color',(#4648),#332);
#4648 = PRESENTATION_STYLE_ASSIGNMENT((#4649));
#4649 = SURFACE_STYLE_USAGE(.BOTH.,#4650);
#4650 = SURFACE_SIDE_STYLE('',(#4651));
#4651 = SURFACE_STYLE_FILL_AREA(#4652);
#4652 = FILL_AREA_STYLE('',(#4653));
#4653 = FILL_AREA_STYLE_COLOUR('',#4611);
#4654 = STYLED_ITEM('color',(#4655),#349);
#4655 = PRESENTATION_STYLE_ASSIGNMENT((#4656));
#4656 = SURFACE_STYLE_USAGE(.BOTH.,#4657);
#4657 = SURFACE_SIDE_STYLE('',(#4658));
#4658 = SURFACE_STYLE_FILL_AREA(#4659);
#4659 = FILL_AREA_STYLE('',(#4660));
#4660 = FILL_AREA_STYLE_COLOUR('',#4661);
#4661 = COLOUR_RGB('',0.894999966383,0.890999961016,0.813000030345);
#4662 = STYLED_ITEM('color',(#4663),#398);
#4663 = PRESENTATION_STYLE_ASSIGNMENT((#4664));
#4664 = SURFACE_STYLE_USAGE(.BOTH.,#4665);
#4665 = SURFACE_SIDE_STYLE('',(#4666));
#4666 = SURFACE_STYLE_FILL_AREA(#4667);
#4667 = FILL_AREA_STYLE('',(#4668));
#4668 = FILL_AREA_STYLE_COLOUR('',#4611);
#4669 = STYLED_ITEM('color',(#4670),#415);
#4670 = PRESENTATION_STYLE_ASSIGNMENT((#4671));
#4671 = SURFACE_STYLE_USAGE(.BOTH.,#4672);
#4672 = SURFACE_SIDE_STYLE('',(#4673));
#4673 = SURFACE_STYLE_FILL_AREA(#4674);
#4674 = FILL_AREA_STYLE('',(#4675));
#4675 = FILL_AREA_STYLE_COLOUR('',#4611);
#4676 = STYLED_ITEM('color',(#4677),#432);
#4677 = PRESENTATION_STYLE_ASSIGNMENT((#4678));
#4678 = SURFACE_STYLE_USAGE(.BOTH.,#4679);
#4679 = SURFACE_SIDE_STYLE('',(#4680));
#4680 = SURFACE_STYLE_FILL_AREA(#4681);
#4681 = FILL_AREA_STYLE('',(#4682));
#4682 = FILL_AREA_STYLE_COLOUR('',#4661);
#4683 = STYLED_ITEM('color',(#4684),#481);
#4684 = PRESENTATION_STYLE_ASSIGNMENT((#4685));
#4685 = SURFACE_STYLE_USAGE(.BOTH.,#4686);
#4686 = SURFACE_SIDE_STYLE('',(#4687));
#4687 = SURFACE_STYLE_FILL_AREA(#4688);
#4688 = FILL_AREA_STYLE('',(#4689));
#4689 = FILL_AREA_STYLE_COLOUR('',#4661);
#4690 = STYLED_ITEM('color',(#4691),#498);
#4691 = PRESENTATION_STYLE_ASSIGNMENT((#4692));
#4692 = SURFACE_STYLE_USAGE(.BOTH.,#4693);
#4693 = SURFACE_SIDE_STYLE('',(#4694));
#4694 = SURFACE_STYLE_FILL_AREA(#4695);
#4695 = FILL_AREA_STYLE('',(#4696));
#4696 = FILL_AREA_STYLE_COLOUR('',#4611);
#4697 = STYLED_ITEM('color',(#4698),#567);
#4698 = PRESENTATION_STYLE_ASSIGNMENT((#4699));
#4699 = SURFACE_STYLE_USAGE(.BOTH.,#4700);
#4700 = SURFACE_SIDE_STYLE('',(#4701));
#4701 = SURFACE_STYLE_FILL_AREA(#4702);
#4702 = FILL_AREA_STYLE('',(#4703));
#4703 = FILL_AREA_STYLE_COLOUR('',#4704);
#4704 = COLOUR_RGB('',8.200000279077E-02,8.600000121357E-02,
  9.399999706163E-02);
#4705 = STYLED_ITEM('color',(#4706),#598);
#4706 = PRESENTATION_STYLE_ASSIGNMENT((#4707));
#4707 = SURFACE_STYLE_USAGE(.BOTH.,#4708);
#4708 = SURFACE_SIDE_STYLE('',(#4709));
#4709 = SURFACE_STYLE_FILL_AREA(#4710);
#4710 = FILL_AREA_STYLE('',(#4711));
#4711 = FILL_AREA_STYLE_COLOUR('',#4704);
#4712 = STYLED_ITEM('color',(#4713),#622);
#4713 = PRESENTATION_STYLE_ASSIGNMENT((#4714));
#4714 = SURFACE_STYLE_USAGE(.BOTH.,#4715);
#4715 = SURFACE_SIDE_STYLE('',(#4716));
#4716 = SURFACE_STYLE_FILL_AREA(#4717);
#4717 = FILL_AREA_STYLE('',(#4718));
#4718 = FILL_AREA_STYLE_COLOUR('',#4611);
#4719 = STYLED_ITEM('color',(#4720),#691);
#4720 = PRESENTATION_STYLE_ASSIGNMENT((#4721));
#4721 = SURFACE_STYLE_USAGE(.BOTH.,#4722);
#4722 = SURFACE_SIDE_STYLE('',(#4723));
#4723 = SURFACE_STYLE_FILL_AREA(#4724);
#4724 = FILL_AREA_STYLE('',(#4725));
#4725 = FILL_AREA_STYLE_COLOUR('',#4704);
#4726 = STYLED_ITEM('color',(#4727),#715);
#4727 = PRESENTATION_STYLE_ASSIGNMENT((#4728));
#4728 = SURFACE_STYLE_USAGE(.BOTH.,#4729);
#4729 = SURFACE_SIDE_STYLE('',(#4730));
#4730 = SURFACE_STYLE_FILL_AREA(#4731);
#4731 = FILL_AREA_STYLE('',(#4732));
#4732 = FILL_AREA_STYLE_COLOUR('',#4611);
#4733 = STYLED_ITEM('color',(#4734),#732);
#4734 = PRESENTATION_STYLE_ASSIGNMENT((#4735));
#4735 = SURFACE_STYLE_USAGE(.BOTH.,#4736);
#4736 = SURFACE_SIDE_STYLE('',(#4737));
#4737 = SURFACE_STYLE_FILL_AREA(#4738);
#4738 = FILL_AREA_STYLE('',(#4739));
#4739 = FILL_AREA_STYLE_COLOUR('',#4611);
#4740 = STYLED_ITEM('color',(#4741),#749);
#4741 = PRESENTATION_STYLE_ASSIGNMENT((#4742));
#4742 = SURFACE_STYLE_USAGE(.BOTH.,#4743);
#4743 = SURFACE_SIDE_STYLE('',(#4744));
#4744 = SURFACE_STYLE_FILL_AREA(#4745);
#4745 = FILL_AREA_STYLE('',(#4746));
#4746 = FILL_AREA_STYLE_COLOUR('',#4611);
#4747 = STYLED_ITEM('color',(#4748),#766);
#4748 = PRESENTATION_STYLE_ASSIGNMENT((#4749));
#4749 = SURFACE_STYLE_USAGE(.BOTH.,#4750);
#4750 = SURFACE_SIDE_STYLE('',(#4751));
#4751 = SURFACE_STYLE_FILL_AREA(#4752);
#4752 = FILL_AREA_STYLE('',(#4753));
#4753 = FILL_AREA_STYLE_COLOUR('',#4611);
#4754 = STYLED_ITEM('color',(#4755),#783);
#4755 = PRESENTATION_STYLE_ASSIGNMENT((#4756));
#4756 = SURFACE_STYLE_USAGE(.BOTH.,#4757);
#4757 = SURFACE_SIDE_STYLE('',(#4758));
#4758 = SURFACE_STYLE_FILL_AREA(#4759);
#4759 = FILL_AREA_STYLE('',(#4760));
#4760 = FILL_AREA_STYLE_COLOUR('',#4611);
#4761 = STYLED_ITEM('color',(#4762),#800);
#4762 = PRESENTATION_STYLE_ASSIGNMENT((#4763));
#4763 = SURFACE_STYLE_USAGE(.BOTH.,#4764);
#4764 = SURFACE_SIDE_STYLE('',(#4765));
#4765 = SURFACE_STYLE_FILL_AREA(#4766);
#4766 = FILL_AREA_STYLE('',(#4767));
#4767 = FILL_AREA_STYLE_COLOUR('',#4611);
#4768 = STYLED_ITEM('color',(#4769),#817);
#4769 = PRESENTATION_STYLE_ASSIGNMENT((#4770));
#4770 = SURFACE_STYLE_USAGE(.BOTH.,#4771);
#4771 = SURFACE_SIDE_STYLE('',(#4772));
#4772 = SURFACE_STYLE_FILL_AREA(#4773);
#4773 = FILL_AREA_STYLE('',(#4774));
#4774 = FILL_AREA_STYLE_COLOUR('',#4611);
#4775 = STYLED_ITEM('color',(#4776),#834);
#4776 = PRESENTATION_STYLE_ASSIGNMENT((#4777));
#4777 = SURFACE_STYLE_USAGE(.BOTH.,#4778);
#4778 = SURFACE_SIDE_STYLE('',(#4779));
#4779 = SURFACE_STYLE_FILL_AREA(#4780);
#4780 = FILL_AREA_STYLE('',(#4781));
#4781 = FILL_AREA_STYLE_COLOUR('',#4704);
#4782 = STYLED_ITEM('color',(#4783),#851);
#4783 = PRESENTATION_STYLE_ASSIGNMENT((#4784));
#4784 = SURFACE_STYLE_USAGE(.BOTH.,#4785);
#4785 = SURFACE_SIDE_STYLE('',(#4786));
#4786 = SURFACE_STYLE_FILL_AREA(#4787);
#4787 = FILL_AREA_STYLE('',(#4788));
#4788 = FILL_AREA_STYLE_COLOUR('',#4704);
#4789 = MECHANICAL_DESIGN_GEOMETRIC_PRESENTATION_REPRESENTATION('',(
    #4790,#4797,#4804,#4811,#4818,#4825,#4832,#4839,#4846,#4853,#4860,
    #4867,#4874,#4881,#4888,#4895,#4902,#4909,#4916,#4923,#4930,#4937,
    #4944,#4951,#4958,#4965,#4972,#4979,#4986,#4993,#5000,#5007,#5014,
    #5021,#5028,#5035,#5043,#5050,#5057,#5064,#5071,#5078,#5085,#5092,
    #5099,#5106,#5113,#5120,#5127,#5134),#2405);
#4790 = STYLED_ITEM('color',(#4791),#884);
#4791 = PRESENTATION_STYLE_ASSIGNMENT((#4792));
#4792 = SURFACE_STYLE_USAGE(.BOTH.,#4793);
#4793 = SURFACE_SIDE_STYLE('',(#4794));
#4794 = SURFACE_STYLE_FILL_AREA(#4795);
#4795 = FILL_AREA_STYLE('',(#4796));
#4796 = FILL_AREA_STYLE_COLOUR('',#4661);
#4797 = STYLED_ITEM('color',(#4798),#924);
#4798 = PRESENTATION_STYLE_ASSIGNMENT((#4799));
#4799 = SURFACE_STYLE_USAGE(.BOTH.,#4800);
#4800 = SURFACE_SIDE_STYLE('',(#4801));
#4801 = SURFACE_STYLE_FILL_AREA(#4802);
#4802 = FILL_AREA_STYLE('',(#4803));
#4803 = FILL_AREA_STYLE_COLOUR('',#4661);
#4804 = STYLED_ITEM('color',(#4805),#971);
#4805 = PRESENTATION_STYLE_ASSIGNMENT((#4806));
#4806 = SURFACE_STYLE_USAGE(.BOTH.,#4807);
#4807 = SURFACE_SIDE_STYLE('',(#4808));
#4808 = SURFACE_STYLE_FILL_AREA(#4809);
#4809 = FILL_AREA_STYLE('',(#4810));
#4810 = FILL_AREA_STYLE_COLOUR('',#4661);
#4811 = STYLED_ITEM('color',(#4812),#1050);
#4812 = PRESENTATION_STYLE_ASSIGNMENT((#4813));
#4813 = SURFACE_STYLE_USAGE(.BOTH.,#4814);
#4814 = SURFACE_SIDE_STYLE('',(#4815));
#4815 = SURFACE_STYLE_FILL_AREA(#4816);
#4816 = FILL_AREA_STYLE('',(#4817));
#4817 = FILL_AREA_STYLE_COLOUR('',#4661);
#4818 = STYLED_ITEM('color',(#4819),#1074);
#4819 = PRESENTATION_STYLE_ASSIGNMENT((#4820));
#4820 = SURFACE_STYLE_USAGE(.BOTH.,#4821);
#4821 = SURFACE_SIDE_STYLE('',(#4822));
#4822 = SURFACE_STYLE_FILL_AREA(#4823);
#4823 = FILL_AREA_STYLE('',(#4824));
#4824 = FILL_AREA_STYLE_COLOUR('',#4661);
#4825 = STYLED_ITEM('color',(#4826),#1114);
#4826 = PRESENTATION_STYLE_ASSIGNMENT((#4827));
#4827 = SURFACE_STYLE_USAGE(.BOTH.,#4828);
#4828 = SURFACE_SIDE_STYLE('',(#4829));
#4829 = SURFACE_STYLE_FILL_AREA(#4830);
#4830 = FILL_AREA_STYLE('',(#4831));
#4831 = FILL_AREA_STYLE_COLOUR('',#4661);
#4832 = STYLED_ITEM('color',(#4833),#1145);
#4833 = PRESENTATION_STYLE_ASSIGNMENT((#4834));
#4834 = SURFACE_STYLE_USAGE(.BOTH.,#4835);
#4835 = SURFACE_SIDE_STYLE('',(#4836));
#4836 = SURFACE_STYLE_FILL_AREA(#4837);
#4837 = FILL_AREA_STYLE('',(#4838));
#4838 = FILL_AREA_STYLE_COLOUR('',#4661);
#4839 = STYLED_ITEM('color',(#4840),#1162);
#4840 = PRESENTATION_STYLE_ASSIGNMENT((#4841));
#4841 = SURFACE_STYLE_USAGE(.BOTH.,#4842);
#4842 = SURFACE_SIDE_STYLE('',(#4843));
#4843 = SURFACE_STYLE_FILL_AREA(#4844);
#4844 = FILL_AREA_STYLE('',(#4845));
#4845 = FILL_AREA_STYLE_COLOUR('',#4348);
#4846 = STYLED_ITEM('color',(#4847),#1195);
#4847 = PRESENTATION_STYLE_ASSIGNMENT((#4848));
#4848 = SURFACE_STYLE_USAGE(.BOTH.,#4849);
#4849 = SURFACE_SIDE_STYLE('',(#4850));
#4850 = SURFACE_STYLE_FILL_AREA(#4851);
#4851 = FILL_AREA_STYLE('',(#4852));
#4852 = FILL_AREA_STYLE_COLOUR('',#4661);
#4853 = STYLED_ITEM('color',(#4854),#1219);
#4854 = PRESENTATION_STYLE_ASSIGNMENT((#4855));
#4855 = SURFACE_STYLE_USAGE(.BOTH.,#4856);
#4856 = SURFACE_SIDE_STYLE('',(#4857));
#4857 = SURFACE_STYLE_FILL_AREA(#4858);
#4858 = FILL_AREA_STYLE('',(#4859));
#4859 = FILL_AREA_STYLE_COLOUR('',#4348);
#4860 = STYLED_ITEM('color',(#4861),#1286);
#4861 = PRESENTATION_STYLE_ASSIGNMENT((#4862));
#4862 = SURFACE_STYLE_USAGE(.BOTH.,#4863);
#4863 = SURFACE_SIDE_STYLE('',(#4864));
#4864 = SURFACE_STYLE_FILL_AREA(#4865);
#4865 = FILL_AREA_STYLE('',(#4866));
#4866 = FILL_AREA_STYLE_COLOUR('',#4661);
#4867 = STYLED_ITEM('color',(#4868),#1407);
#4868 = PRESENTATION_STYLE_ASSIGNMENT((#4869));
#4869 = SURFACE_STYLE_USAGE(.BOTH.,#4870);
#4870 = SURFACE_SIDE_STYLE('',(#4871));
#4871 = SURFACE_STYLE_FILL_AREA(#4872);
#4872 = FILL_AREA_STYLE('',(#4873));
#4873 = FILL_AREA_STYLE_COLOUR('',#4348);
#4874 = STYLED_ITEM('color',(#4875),#1474);
#4875 = PRESENTATION_STYLE_ASSIGNMENT((#4876));
#4876 = SURFACE_STYLE_USAGE(.BOTH.,#4877);
#4877 = SURFACE_SIDE_STYLE('',(#4878));
#4878 = SURFACE_STYLE_FILL_AREA(#4879);
#4879 = FILL_AREA_STYLE('',(#4880));
#4880 = FILL_AREA_STYLE_COLOUR('',#4661);
#4881 = STYLED_ITEM('color',(#4882),#1498);
#4882 = PRESENTATION_STYLE_ASSIGNMENT((#4883));
#4883 = SURFACE_STYLE_USAGE(.BOTH.,#4884);
#4884 = SURFACE_SIDE_STYLE('',(#4885));
#4885 = SURFACE_STYLE_FILL_AREA(#4886);
#4886 = FILL_AREA_STYLE('',(#4887));
#4887 = FILL_AREA_STYLE_COLOUR('',#4661);
#4888 = STYLED_ITEM('color',(#4889),#1529);
#4889 = PRESENTATION_STYLE_ASSIGNMENT((#4890));
#4890 = SURFACE_STYLE_USAGE(.BOTH.,#4891);
#4891 = SURFACE_SIDE_STYLE('',(#4892));
#4892 = SURFACE_STYLE_FILL_AREA(#4893);
#4893 = FILL_AREA_STYLE('',(#4894));
#4894 = FILL_AREA_STYLE_COLOUR('',#4348);
#4895 = STYLED_ITEM('color',(#4896),#1562);
#4896 = PRESENTATION_STYLE_ASSIGNMENT((#4897));
#4897 = SURFACE_STYLE_USAGE(.BOTH.,#4898);
#4898 = SURFACE_SIDE_STYLE('',(#4899));
#4899 = SURFACE_STYLE_FILL_AREA(#4900);
#4900 = FILL_AREA_STYLE('',(#4901));
#4901 = FILL_AREA_STYLE_COLOUR('',#4661);
#4902 = STYLED_ITEM('color',(#4903),#1618);
#4903 = PRESENTATION_STYLE_ASSIGNMENT((#4904));
#4904 = SURFACE_STYLE_USAGE(.BOTH.,#4905);
#4905 = SURFACE_SIDE_STYLE('',(#4906));
#4906 = SURFACE_STYLE_FILL_AREA(#4907);
#4907 = FILL_AREA_STYLE('',(#4908));
#4908 = FILL_AREA_STYLE_COLOUR('',#4348);
#4909 = STYLED_ITEM('color',(#4910),#1642);
#4910 = PRESENTATION_STYLE_ASSIGNMENT((#4911));
#4911 = SURFACE_STYLE_USAGE(.BOTH.,#4912);
#4912 = SURFACE_SIDE_STYLE('',(#4913));
#4913 = SURFACE_STYLE_FILL_AREA(#4914);
#4914 = FILL_AREA_STYLE('',(#4915));
#4915 = FILL_AREA_STYLE_COLOUR('',#4348);
#4916 = STYLED_ITEM('color',(#4917),#1666);
#4917 = PRESENTATION_STYLE_ASSIGNMENT((#4918));
#4918 = SURFACE_STYLE_USAGE(.BOTH.,#4919);
#4919 = SURFACE_SIDE_STYLE('',(#4920));
#4920 = SURFACE_STYLE_FILL_AREA(#4921);
#4921 = FILL_AREA_STYLE('',(#4922));
#4922 = FILL_AREA_STYLE_COLOUR('',#4348);
#4923 = STYLED_ITEM('color',(#4924),#1690);
#4924 = PRESENTATION_STYLE_ASSIGNMENT((#4925));
#4925 = SURFACE_STYLE_USAGE(.BOTH.,#4926);
#4926 = SURFACE_SIDE_STYLE('',(#4927));
#4927 = SURFACE_STYLE_FILL_AREA(#4928);
#4928 = FILL_AREA_STYLE('',(#4929));
#4929 = FILL_AREA_STYLE_COLOUR('',#4348);
#4930 = STYLED_ITEM('color',(#4931),#1723);
#4931 = PRESENTATION_STYLE_ASSIGNMENT((#4932));
#4932 = SURFACE_STYLE_USAGE(.BOTH.,#4933);
#4933 = SURFACE_SIDE_STYLE('',(#4934));
#4934 = SURFACE_STYLE_FILL_AREA(#4935);
#4935 = FILL_AREA_STYLE('',(#4936));
#4936 = FILL_AREA_STYLE_COLOUR('',#4348);
#4937 = STYLED_ITEM('color',(#4938),#1735);
#4938 = PRESENTATION_STYLE_ASSIGNMENT((#4939));
#4939 = SURFACE_STYLE_USAGE(.BOTH.,#4940);
#4940 = SURFACE_SIDE_STYLE('',(#4941));
#4941 = SURFACE_STYLE_FILL_AREA(#4942);
#4942 = FILL_AREA_STYLE('',(#4943));
#4943 = FILL_AREA_STYLE_COLOUR('',#4348);
#4944 = STYLED_ITEM('color',(#4945),#1798);
#4945 = PRESENTATION_STYLE_ASSIGNMENT((#4946));
#4946 = SURFACE_STYLE_USAGE(.BOTH.,#4947);
#4947 = SURFACE_SIDE_STYLE('',(#4948));
#4948 = SURFACE_STYLE_FILL_AREA(#4949);
#4949 = FILL_AREA_STYLE('',(#4950));
#4950 = FILL_AREA_STYLE_COLOUR('',#4348);
#4951 = STYLED_ITEM('color',(#4952),#1823);
#4952 = PRESENTATION_STYLE_ASSIGNMENT((#4953));
#4953 = SURFACE_STYLE_USAGE(.BOTH.,#4954);
#4954 = SURFACE_SIDE_STYLE('',(#4955));
#4955 = SURFACE_STYLE_FILL_AREA(#4956);
#4956 = FILL_AREA_STYLE('',(#4957));
#4957 = FILL_AREA_STYLE_COLOUR('',#4348);
#4958 = STYLED_ITEM('color',(#4959),#1840);
#4959 = PRESENTATION_STYLE_ASSIGNMENT((#4960));
#4960 = SURFACE_STYLE_USAGE(.BOTH.,#4961);
#4961 = SURFACE_SIDE_STYLE('',(#4962));
#4962 = SURFACE_STYLE_FILL_AREA(#4963);
#4963 = FILL_AREA_STYLE('',(#4964));
#4964 = FILL_AREA_STYLE_COLOUR('',#4348);
#4965 = STYLED_ITEM('color',(#4966),#1864);
#4966 = PRESENTATION_STYLE_ASSIGNMENT((#4967));
#4967 = SURFACE_STYLE_USAGE(.BOTH.,#4968);
#4968 = SURFACE_SIDE_STYLE('',(#4969));
#4969 = SURFACE_STYLE_FILL_AREA(#4970);
#4970 = FILL_AREA_STYLE('',(#4971));
#4971 = FILL_AREA_STYLE_COLOUR('',#4348);
#4972 = STYLED_ITEM('color',(#4973),#1882);
#4973 = PRESENTATION_STYLE_ASSIGNMENT((#4974));
#4974 = SURFACE_STYLE_USAGE(.BOTH.,#4975);
#4975 = SURFACE_SIDE_STYLE('',(#4976));
#4976 = SURFACE_STYLE_FILL_AREA(#4977);
#4977 = FILL_AREA_STYLE('',(#4978));
#4978 = FILL_AREA_STYLE_COLOUR('',#4348);
#4979 = STYLED_ITEM('color',(#4980),#1900);
#4980 = PRESENTATION_STYLE_ASSIGNMENT((#4981));
#4981 = SURFACE_STYLE_USAGE(.BOTH.,#4982);
#4982 = SURFACE_SIDE_STYLE('',(#4983));
#4983 = SURFACE_STYLE_FILL_AREA(#4984);
#4984 = FILL_AREA_STYLE('',(#4985));
#4985 = FILL_AREA_STYLE_COLOUR('',#4348);
#4986 = STYLED_ITEM('color',(#4987),#1918);
#4987 = PRESENTATION_STYLE_ASSIGNMENT((#4988));
#4988 = SURFACE_STYLE_USAGE(.BOTH.,#4989);
#4989 = SURFACE_SIDE_STYLE('',(#4990));
#4990 = SURFACE_STYLE_FILL_AREA(#4991);
#4991 = FILL_AREA_STYLE('',(#4992));
#4992 = FILL_AREA_STYLE_COLOUR('',#4348);
#4993 = STYLED_ITEM('color',(#4994),#1935);
#4994 = PRESENTATION_STYLE_ASSIGNMENT((#4995));
#4995 = SURFACE_STYLE_USAGE(.BOTH.,#4996);
#4996 = SURFACE_SIDE_STYLE('',(#4997));
#4997 = SURFACE_STYLE_FILL_AREA(#4998);
#4998 = FILL_AREA_STYLE('',(#4999));
#4999 = FILL_AREA_STYLE_COLOUR('',#4348);
#5000 = STYLED_ITEM('color',(#5001),#1952);
#5001 = PRESENTATION_STYLE_ASSIGNMENT((#5002));
#5002 = SURFACE_STYLE_USAGE(.BOTH.,#5003);
#5003 = SURFACE_SIDE_STYLE('',(#5004));
#5004 = SURFACE_STYLE_FILL_AREA(#5005);
#5005 = FILL_AREA_STYLE('',(#5006));
#5006 = FILL_AREA_STYLE_COLOUR('',#4348);
#5007 = STYLED_ITEM('color',(#5008),#1983);
#5008 = PRESENTATION_STYLE_ASSIGNMENT((#5009));
#5009 = SURFACE_STYLE_USAGE(.BOTH.,#5010);
#5010 = SURFACE_SIDE_STYLE('',(#5011));
#5011 = SURFACE_STYLE_FILL_AREA(#5012);
#5012 = FILL_AREA_STYLE('',(#5013));
#5013 = FILL_AREA_STYLE_COLOUR('',#4348);
#5014 = STYLED_ITEM('color',(#5015),#2008);
#5015 = PRESENTATION_STYLE_ASSIGNMENT((#5016));
#5016 = SURFACE_STYLE_USAGE(.BOTH.,#5017);
#5017 = SURFACE_SIDE_STYLE('',(#5018));
#5018 = SURFACE_STYLE_FILL_AREA(#5019);
#5019 = FILL_AREA_STYLE('',(#5020));
#5020 = FILL_AREA_STYLE_COLOUR('',#4348);
#5021 = STYLED_ITEM('color',(#5022),#2033);
#5022 = PRESENTATION_STYLE_ASSIGNMENT((#5023));
#5023 = SURFACE_STYLE_USAGE(.BOTH.,#5024);
#5024 = SURFACE_SIDE_STYLE('',(#5025));
#5025 = SURFACE_STYLE_FILL_AREA(#5026);
#5026 = FILL_AREA_STYLE('',(#5027));
#5027 = FILL_AREA_STYLE_COLOUR('',#4348);
#5028 = STYLED_ITEM('color',(#5029),#2057);
#5029 = PRESENTATION_STYLE_ASSIGNMENT((#5030));
#5030 = SURFACE_STYLE_USAGE(.BOTH.,#5031);
#5031 = SURFACE_SIDE_STYLE('',(#5032));
#5032 = SURFACE_STYLE_FILL_AREA(#5033);
#5033 = FILL_AREA_STYLE('',(#5034));
#5034 = FILL_AREA_STYLE_COLOUR('',#4348);
#5035 = STYLED_ITEM('color',(#5036),#2074);
#5036 = PRESENTATION_STYLE_ASSIGNMENT((#5037));
#5037 = SURFACE_STYLE_USAGE(.BOTH.,#5038);
#5038 = SURFACE_SIDE_STYLE('',(#5039));
#5039 = SURFACE_STYLE_FILL_AREA(#5040);
#5040 = FILL_AREA_STYLE('',(#5041));
#5041 = FILL_AREA_STYLE_COLOUR('',#5042);
#5042 = COLOUR_RGB('',0.340000006699,0.68000001254,0.444999988852);
#5043 = STYLED_ITEM('color',(#5044),#2105);
#5044 = PRESENTATION_STYLE_ASSIGNMENT((#5045));
#5045 = SURFACE_STYLE_USAGE(.BOTH.,#5046);
#5046 = SURFACE_SIDE_STYLE('',(#5047));
#5047 = SURFACE_STYLE_FILL_AREA(#5048);
#5048 = FILL_AREA_STYLE('',(#5049));
#5049 = FILL_AREA_STYLE_COLOUR('',#5042);
#5050 = STYLED_ITEM('color',(#5051),#2129);
#5051 = PRESENTATION_STYLE_ASSIGNMENT((#5052));
#5052 = SURFACE_STYLE_USAGE(.BOTH.,#5053);
#5053 = SURFACE_SIDE_STYLE('',(#5054));
#5054 = SURFACE_STYLE_FILL_AREA(#5055);
#5055 = FILL_AREA_STYLE('',(#5056));
#5056 = FILL_AREA_STYLE_COLOUR('',#5042);
#5057 = STYLED_ITEM('color',(#5058),#2146);
#5058 = PRESENTATION_STYLE_ASSIGNMENT((#5059));
#5059 = SURFACE_STYLE_USAGE(.BOTH.,#5060);
#5060 = SURFACE_SIDE_STYLE('',(#5061));
#5061 = SURFACE_STYLE_FILL_AREA(#5062);
#5062 = FILL_AREA_STYLE('',(#5063));
#5063 = FILL_AREA_STYLE_COLOUR('',#4348);
#5064 = STYLED_ITEM('color',(#5065),#2174);
#5065 = PRESENTATION_STYLE_ASSIGNMENT((#5066));
#5066 = SURFACE_STYLE_USAGE(.BOTH.,#5067);
#5067 = SURFACE_SIDE_STYLE('',(#5068));
#5068 = SURFACE_STYLE_FILL_AREA(#5069);
#5069 = FILL_AREA_STYLE('',(#5070));
#5070 = FILL_AREA_STYLE_COLOUR('',#4348);
#5071 = STYLED_ITEM('color',(#5072),#2199);
#5072 = PRESENTATION_STYLE_ASSIGNMENT((#5073));
#5073 = SURFACE_STYLE_USAGE(.BOTH.,#5074);
#5074 = SURFACE_SIDE_STYLE('',(#5075));
#5075 = SURFACE_STYLE_FILL_AREA(#5076);
#5076 = FILL_AREA_STYLE('',(#5077));
#5077 = FILL_AREA_STYLE_COLOUR('',#4348);
#5078 = STYLED_ITEM('color',(#5079),#2223);
#5079 = PRESENTATION_STYLE_ASSIGNMENT((#5080));
#5080 = SURFACE_STYLE_USAGE(.BOTH.,#5081);
#5081 = SURFACE_SIDE_STYLE('',(#5082));
#5082 = SURFACE_STYLE_FILL_AREA(#5083);
#5083 = FILL_AREA_STYLE('',(#5084));
#5084 = FILL_AREA_STYLE_COLOUR('',#4348);
#5085 = STYLED_ITEM('color',(#5086),#2248);
#5086 = PRESENTATION_STYLE_ASSIGNMENT((#5087));
#5087 = SURFACE_STYLE_USAGE(.BOTH.,#5088);
#5088 = SURFACE_SIDE_STYLE('',(#5089));
#5089 = SURFACE_STYLE_FILL_AREA(#5090);
#5090 = FILL_AREA_STYLE('',(#5091));
#5091 = FILL_AREA_STYLE_COLOUR('',#4348);
#5092 = STYLED_ITEM('color',(#5093),#2295);
#5093 = PRESENTATION_STYLE_ASSIGNMENT((#5094));
#5094 = SURFACE_STYLE_USAGE(.BOTH.,#5095);
#5095 = SURFACE_SIDE_STYLE('',(#5096));
#5096 = SURFACE_STYLE_FILL_AREA(#5097);
#5097 = FILL_AREA_STYLE('',(#5098));
#5098 = FILL_AREA_STYLE_COLOUR('',#4348);
#5099 = STYLED_ITEM('color',(#5100),#2312);
#5100 = PRESENTATION_STYLE_ASSIGNMENT((#5101));
#5101 = SURFACE_STYLE_USAGE(.BOTH.,#5102);
#5102 = SURFACE_SIDE_STYLE('',(#5103));
#5103 = SURFACE_STYLE_FILL_AREA(#5104);
#5104 = FILL_AREA_STYLE('',(#5105));
#5105 = FILL_AREA_STYLE_COLOUR('',#4348);
#5106 = STYLED_ITEM('color',(#5107),#2324);
#5107 = PRESENTATION_STYLE_ASSIGNMENT((#5108));
#5108 = SURFACE_STYLE_USAGE(.BOTH.,#5109);
#5109 = SURFACE_SIDE_STYLE('',(#5110));
#5110 = SURFACE_STYLE_FILL_AREA(#5111);
#5111 = FILL_AREA_STYLE('',(#5112));
#5112 = FILL_AREA_STYLE_COLOUR('',#4348);
#5113 = STYLED_ITEM('color',(#5114),#2346);
#5114 = PRESENTATION_STYLE_ASSIGNMENT((#5115));
#5115 = SURFACE_STYLE_USAGE(.BOTH.,#5116);
#5116 = SURFACE_SIDE_STYLE('',(#5117));
#5117 = SURFACE_STYLE_FILL_AREA(#5118);
#5118 = FILL_AREA_STYLE('',(#5119));
#5119 = FILL_AREA_STYLE_COLOUR('',#4348);
#5120 = STYLED_ITEM('color',(#5121),#2358);
#5121 = PRESENTATION_STYLE_ASSIGNMENT((#5122));
#5122 = SURFACE_STYLE_USAGE(.BOTH.,#5123);
#5123 = SURFACE_SIDE_STYLE('',(#5124));
#5124 = SURFACE_STYLE_FILL_AREA(#5125);
#5125 = FILL_AREA_STYLE('',(#5126));
#5126 = FILL_AREA_STYLE_COLOUR('',#4348);
#5127 = STYLED_ITEM('color',(#5128),#2376);
#5128 = PRESENTATION_STYLE_ASSIGNMENT((#5129));
#5129 = SURFACE_STYLE_USAGE(.BOTH.,#5130);
#5130 = SURFACE_SIDE_STYLE('',(#5131));
#5131 = SURFACE_STYLE_FILL_AREA(#5132);
#5132 = FILL_AREA_STYLE('',(#5133));
#5133 = FILL_AREA_STYLE_COLOUR('',#4348);
#5134 = STYLED_ITEM('color',(#5135),#2394);
#5135 = PRESENTATION_STYLE_ASSIGNMENT((#5136));
#5136 = SURFACE_STYLE_USAGE(.BOTH.,#5137);
#5137 = SURFACE_SIDE_STYLE('',(#5138));
#5138 = SURFACE_STYLE_FILL_AREA(#5139);
#5139 = FILL_AREA_STYLE('',(#5140));
#5140 = FILL_AREA_STYLE_COLOUR('',#5042);
ENDSEC;
END-ISO-10303-21;
